100086657,NON-CRIMINAL,FOUND PROPERTY,Tuesday,01/26/2010,00:01,BAYVIEW,NONE,800 Block of GIRARD ST,-122.402390932043,37.7218958376193,"(37.7218958376193, -122.402390932043)",10008665772000
100136371,NON-CRIMINAL,"AIDED CASE, INJURED PERSON",Wednesday,02/10/2010,00:01,BAYVIEW,NONE,100 Block of ARKANSAS ST,-122.398571724133,37.7643667568873,"(37.7643667568873, -122.398571724133)",10013637164015
100182590,NON-CRIMINAL,"AIDED CASE, MENTAL DISTURBED",Wednesday,06/17/2009,00:01,BAYVIEW,"ARREST, BOOKED",1600 Block of MCKINNON AV,-122.38974598966,37.7360920311297,"(37.7360920311297, -122.38974598966)",10018259064020
100310757,NON-CRIMINAL,LOST PROPERTY,Friday,07/10/2009,00:01,BAYVIEW,NONE,700 Block of BACON ST,-122.410050631336,37.7260044799878,"(37.7260044799878, -122.410050631336)",10031075771000
100329736,NON-CRIMINAL,LOST PROPERTY,Thursday,03/25/2010,00:01,BAYVIEW,NONE,200 Block of BRIDGEVIEW DR,-122.397590096788,37.7342093398821,"(37.7342093398821, -122.397590096788)",10032973671000
100395856,NON-CRIMINAL,LOST PROPERTY,Sunday,02/28/2010,00:01,BAYVIEW,NONE,3000 Block of SAN BRUNO AV,-122.401898005335,37.7233482212763,"(37.7233482212763, -122.401898005335)",10039585671000
100742423,NON-CRIMINAL,TRAFFIC ACCIDENT,Friday,08/13/2010,00:01,BAYVIEW,NONE,NEWHALL ST / FAIRFAX AV,-122.387144531601,37.7412982182604,"(37.7412982182604, -122.387144531601)",10074242368050
100832466,NON-CRIMINAL,"AIDED CASE, MENTAL DISTURBED",Thursday,09/09/2010,00:01,BAYVIEW,PSYCHOPATHIC CASE,800 Block of MISSOURI ST,-122.39565974671,37.7552453099076,"(37.7552453099076, -122.39565974671)",10083246664020
100872575,NON-CRIMINAL,LOST PROPERTY,Thursday,09/09/2010,00:01,BAYVIEW,NONE,1000 Block of WISCONSIN ST,-122.398718688842,37.7542794640877,"(37.7542794640877, -122.398718688842)",10087257571000
101083650,NON-CRIMINAL,"AIDED CASE, MENTAL DISTURBED",Monday,11/22/2010,00:01,BAYVIEW,PSYCHOPATHIC CASE,4000 Block of 3RD ST,-122.388753046997,37.7407360548358,"(37.7407360548358, -122.388753046997)",10108365064020
106049055,NON-CRIMINAL,LOST PROPERTY,Monday,03/01/2010,00:01,BAYVIEW,NONE,1800 Block of PALOU AV,-122.395230591868,37.7363610748766,"(37.7363610748766, -122.395230591868)",10604905571000
106069815,NON-CRIMINAL,LOST PROPERTY,Sunday,06/13/2010,00:01,BAYVIEW,NONE,800 Block of CHINABASIN ST,-122.386775025935,37.765377517215,"(37.765377517215, -122.386775025935)",10606981571000
106165714,NON-CRIMINAL,LOST PROPERTY,Friday,03/20/2009,00:01,BAYVIEW,NONE,100 Block of BRIDGEVIEW DR,-122.396732910008,37.7353451321776,"(37.7353451321776, -122.396732910008)",10616571471000
110111830,NON-CRIMINAL,CASE CLOSURE,Saturday,02/05/2011,00:01,BAYVIEW,DISTRICT ATTORNEY REFUSES TO PROSECUTE,4000 Block of 3RD ST,-122.388753046997,37.7407360548358,"(37.7407360548358, -122.388753046997)",11011183075030
110163085,NON-CRIMINAL,LOST PROPERTY,Saturday,01/15/2011,00:01,BAYVIEW,NONE,REVERE AV / 3RD ST,-122.391522893042,37.7324323864471,"(37.7324323864471, -122.391522893042)",11016308571000
110191064,NON-CRIMINAL,LOST PROPERTY,Saturday,01/01/2011,00:01,BAYVIEW,NONE,3400 Block of 3RD ST,-122.387265359427,37.7455998686799,"(37.7455998686799, -122.387265359427)",11019106471000
110238917,NON-CRIMINAL,LOST PROPERTY,Wednesday,03/23/2011,00:01,BAYVIEW,NONE,SAN BRUNO AV / SILVER AV,-122.405610268222,37.732438864982,"(37.732438864982, -122.405610268222)",11023891771000
110268958,NON-CRIMINAL,CASE CLOSURE,Thursday,07/01/2010,00:01,BAYVIEW,EXCEPTIONAL CLEARANCE,1200 Block of SHAFTER AV,-122.384241699101,37.7272946445203,"(37.7272946445203, -122.384241699101)",11026895875030
110276456,NON-CRIMINAL,LOST PROPERTY,Friday,10/01/2010,00:01,BAYVIEW,NONE,SAN BRUNO AV / SILVER AV,-122.405610268222,37.732438864982,"(37.732438864982, -122.405610268222)",11027645671000
110292628,NON-CRIMINAL,LOST PROPERTY,Friday,04/01/2011,00:01,BAYVIEW,NONE,200 Block of PENNSYLVANIA AV,-122.393765212599,37.7636547467144,"(37.7636547467144, -122.393765212599)",11029262871000
110322667,NON-CRIMINAL,"AIDED CASE, MENTAL DISTURBED",Wednesday,04/20/2011,00:01,BAYVIEW,PSYCHOPATHIC CASE,1900 Block of SILVER AV,-122.40069359718,37.7354666161568,"(37.7354666161568, -122.40069359718)",11032266764020
110415723,NON-CRIMINAL,LOST PROPERTY,Wednesday,05/05/2010,00:01,BAYVIEW,NONE,2000 Block of 3RD ST,-122.388918212006,37.7636669731603,"(37.7636669731603, -122.388918212006)",11041572371000
110478050,NON-CRIMINAL,LOST PROPERTY,Saturday,05/28/2011,00:01,BAYVIEW,NONE,1300 Block of THOMAS AV,-122.386594164927,37.7278183430085,"(37.7278183430085, -122.386594164927)",11047805071000
110480055,NON-CRIMINAL,AIDED CASE,Saturday,05/14/2011,00:01,BAYVIEW,NONE,1400 Block of PHELPS ST,-122.394438859914,37.7364438996732,"(37.7364438996732, -122.394438859914)",11048005551040
110558492,NON-CRIMINAL,LOST PROPERTY,Wednesday,12/01/2010,00:01,BAYVIEW,NONE,1800 Block of EGBERT AV,-122.400756491094,37.727208031298,"(37.727208031298, -122.400756491094)",11055849271000
110558668,NON-CRIMINAL,CASE CLOSURE,Tuesday,04/20/2010,00:01,BAYVIEW,COMPLAINANT REFUSES TO PROSECUTE,0 Block of CONKLING ST,-122.401828773082,37.7356059585517,"(37.7356059585517, -122.401828773082)",11055866875030
110580508,NON-CRIMINAL,"AIDED CASE, MENTAL DISTURBED",Wednesday,07/20/2011,00:01,BAYVIEW,PSYCHOPATHIC CASE,200 Block of WILLIAMS AV,-122.397744427103,37.7299346936044,"(37.7299346936044, -122.397744427103)",11058050864020
110695862,NON-CRIMINAL,"STAY AWAY OR COURT ORDER, NON-DV RELATED",Tuesday,08/16/2011,00:01,BAYVIEW,NONE,400 Block of WHEELER AV,-122.400390038778,37.7103908759964,"(37.7103908759964, -122.400390038778)",11069586271024
110749390,NON-CRIMINAL,LOST PROPERTY,Wednesday,03/30/2011,00:01,BAYVIEW,NONE,700 Block of COLBY ST,-122.410695199291,37.7208453677208,"(37.7208453677208, -122.410695199291)",11074939071000
110797082,NON-CRIMINAL,CASE CLOSURE,Sunday,02/21/2010,00:01,BAYVIEW,PROSECUTED BY OUTSIDE AGENCY,1800 Block of KEITH ST,-122.389198596898,37.7296930728174,"(37.7296930728174, -122.389198596898)",11079708275030
110845891,NON-CRIMINAL,LOST PROPERTY,Saturday,11/01/2008,00:01,BAYVIEW,NONE,1700 Block of 17TH ST,-122.401130668017,37.7649225833006,"(37.7649225833006, -122.401130668017)",11084589171000
110856478,NON-CRIMINAL,CASE CLOSURE,Saturday,09/24/2011,00:01,BAYVIEW,PROSECUTED BY OUTSIDE AGENCY,200 Block of MISSOURI ST,-122.396653544153,37.763198917407,"(37.763198917407, -122.396653544153)",11085647875030
110872418,NON-CRIMINAL,FOUND PROPERTY,Tuesday,10/25/2011,00:01,BAYVIEW,NONE,200 Block of WILLIAMS AV,-122.397744427103,37.7299346936044,"(37.7299346936044, -122.397744427103)",11087241872000
110878438,NON-CRIMINAL,"AIDED CASE, MENTAL DISTURBED",Monday,10/31/2011,00:01,BAYVIEW,NONE,200 Block of CONNECTICUT ST,-122.397621727664,37.7631413193261,"(37.7631413193261, -122.397621727664)",11087843864020
110902504,NON-CRIMINAL,FOUND PROPERTY,Tuesday,11/08/2011,00:01,BAYVIEW,NONE,0 Block of BLAIR TR,-122.399401248267,37.7513350658895,"(37.7513350658895, -122.399401248267)",11090250472000
110978185,NON-CRIMINAL,LOST PROPERTY,Wednesday,11/16/2011,00:01,BAYVIEW,NONE,BACON ST / SAN BRUNO AV,-122.403595293514,37.7276340992506,"(37.7276340992506, -122.403595293514)",11097818571000
111012906,NON-CRIMINAL,CASE CLOSURE,Saturday,01/01/2011,00:01,BAYVIEW,DISTRICT ATTORNEY REFUSES TO PROSECUTE,1400 Block of MENDELL ST,-122.390577977348,37.7342439948771,"(37.7342439948771, -122.390577977348)",11101290675030
111023793,NON-CRIMINAL,FOUND PROPERTY,Thursday,12/22/2011,00:01,BAYVIEW,NONE,1100 Block of WAYLAND ST,-122.413495192528,37.7237782572789,"(37.7237782572789, -122.413495192528)",11102379372000
111031382,NON-CRIMINAL,LOST PROPERTY,Monday,11/01/2010,00:01,BAYVIEW,NONE,1600 Block of YOSEMITE AV,-122.392411239852,37.7273371737416,"(37.7273371737416, -122.392411239852)",11103138271000
116112379,NON-CRIMINAL,LOST PROPERTY,Tuesday,08/30/2011,00:01,BAYVIEW,NONE,1300 Block of REVERE AV,-122.385545453301,37.728979731984,"(37.728979731984, -122.385545453301)",11611237971000
116128285,NON-CRIMINAL,LOST PROPERTY,Thursday,09/15/2011,00:01,BAYVIEW,NONE,17TH ST / WISCONSIN ST,-122.399665928123,37.7649567150661,"(37.7649567150661, -122.399665928123)",11612828571000
120008976,NON-CRIMINAL,LOST PROPERTY,Sunday,01/01/2012,00:01,BAYVIEW,NONE,PALOU AV / 3RD ST,-122.390971734551,37.7340152180723,"(37.7340152180723, -122.390971734551)",12000897671000
120008976,NON-CRIMINAL,FOUND PROPERTY,Sunday,01/01/2012,00:01,BAYVIEW,NONE,PALOU AV / 3RD ST,-122.390971734551,37.7340152180723,"(37.7340152180723, -122.390971734551)",12000897672000
120010799,NON-CRIMINAL,FOUND PROPERTY,Wednesday,12/07/2011,00:01,BAYVIEW,NONE,BOUTWELL ST / BAY SHORE BL,-122.405495088281,37.7342866628413,"(37.7342866628413, -122.405495088281)",12001079972000
120017422,NON-CRIMINAL,"AIDED CASE, MENTAL DISTURBED",Saturday,01/07/2012,00:01,BAYVIEW,PSYCHOPATHIC CASE,1000 Block of CONNECTICUT ST,-122.397201937993,37.7535351242762,"(37.7535351242762, -122.397201937993)",12001742264020
120022045,NON-CRIMINAL,FIRE REPORT,Monday,01/09/2012,00:01,BAYVIEW,NONE,200 Block of CASHMERE ST,-122.387098994172,37.7362421314476,"(37.7362421314476, -122.387098994172)",12002204568000
120031836,NON-CRIMINAL,LOST PROPERTY,Friday,12/30/2011,00:01,BAYVIEW,NONE,3RD ST / GILMAN AV,-122.395622324587,37.7224336236684,"(37.7224336236684, -122.395622324587)",12003183671000
120042758,NON-CRIMINAL,LOST PROPERTY,Wednesday,10/05/2011,00:01,BAYVIEW,NONE,200 Block of CONNECTICUT ST,-122.397621727664,37.7631413193261,"(37.7631413193261, -122.397621727664)",12004275871000
120092145,NON-CRIMINAL,LOST PROPERTY,Sunday,01/15/2012,00:01,BAYVIEW,NONE,600 Block of KEITH ST,-122.382779253988,37.7371978950809,"(37.7371978950809, -122.382779253988)",12009214571000
120114307,NON-CRIMINAL,LOST PROPERTY,Wednesday,07/21/2010,00:01,BAYVIEW,NONE,1500 Block of SHAFTER AV,-122.389768984951,37.7305636925712,"(37.7305636925712, -122.389768984951)",12011430771000
120133943,NON-CRIMINAL,FOUND PROPERTY,Saturday,07/10/2010,00:01,BAYVIEW,NONE,1400 Block of KIRKWOOD CT,-122.387742655252,37.7370190941171,"(37.7370190941171, -122.387742655252)",12013394372000
120146134,NON-CRIMINAL,CASE CLOSURE,Friday,02/17/2012,00:01,BAYVIEW,PROSECUTED BY OUTSIDE AGENCY,1200 Block of HOLLISTER AV,-122.395098403651,37.7213030940671,"(37.7213030940671, -122.395098403651)",12014613475030
120151832,NON-CRIMINAL,CASE CLOSURE,Friday,01/23/2009,00:01,BAYVIEW,PROSECUTED BY OUTSIDE AGENCY,1400 Block of THOMAS AV,-122.388542831272,37.7287892888548,"(37.7287892888548, -122.388542831272)",12015183275030
120189899,NON-CRIMINAL,LOST PROPERTY,Thursday,09/01/2011,00:01,BAYVIEW,NONE,0 Block of JAKEY CT,-122.384323737169,37.7348804644865,"(37.7348804644865, -122.384323737169)",12018989971000
120195658,NON-CRIMINAL,FOUND PROPERTY,Friday,03/09/2012,00:01,BAYVIEW,NONE,1200 Block of NEWHALL ST,-122.391316749675,37.7365594026335,"(37.7365594026335, -122.391316749675)",12019565872000
120199296,NON-CRIMINAL,SEARCH WARRANT SERVICE,Thursday,02/16/2012,00:01,BAYVIEW,DISTRICT ATTORNEY REFUSES TO PROSECUTE,4400 Block of 3RD ST,-122.389601286255,37.7375250948447,"(37.7375250948447, -122.389601286255)",12019929675025
120199296,NON-CRIMINAL,CASE CLOSURE,Thursday,02/16/2012,00:01,BAYVIEW,DISTRICT ATTORNEY REFUSES TO PROSECUTE,4400 Block of 3RD ST,-122.389601286255,37.7375250948447,"(37.7375250948447, -122.389601286255)",12019929675030
120224815,NON-CRIMINAL,LOST PROPERTY,Monday,11/01/2010,00:01,BAYVIEW,NONE,1300 Block of MARIPOSA ST,-122.397132808097,37.7637669364162,"(37.7637669364162, -122.397132808097)",12022481571000
120226601,NON-CRIMINAL,FOUND PROPERTY,Sunday,01/01/2012,00:01,BAYVIEW,NONE,300 Block of GIRARD ST,-122.404903343063,37.7279456314778,"(37.7279456314778, -122.404903343063)",12022660172000
120272422,NON-CRIMINAL,LOST PROPERTY,Wednesday,02/01/2012,00:01,BAYVIEW,NONE,1500 Block of QUESADA AV,-122.388723051056,37.7317262860764,"(37.7317262860764, -122.388723051056)",12027242271000
120284734,NON-CRIMINAL,LOST PROPERTY,Thursday,01/12/2012,00:01,BAYVIEW,NONE,2400 Block of SAN BRUNO AV,-122.404952461327,37.7307376243582,"(37.7307376243582, -122.404952461327)",12028473471000
120355915,NON-CRIMINAL,FIRE REPORT,Saturday,05/05/2012,00:01,BAYVIEW,NONE,1400 Block of THOMAS AV,-122.388542831272,37.7287892888548,"(37.7287892888548, -122.388542831272)",12035591568000
120374987,NON-CRIMINAL,CASE CLOSURE,Wednesday,09/16/2009,00:01,BAYVIEW,PROSECUTED BY OUTSIDE AGENCY,1100 Block of GILMAN AV,-122.390922553406,37.7198785524783,"(37.7198785524783, -122.390922553406)",12037498775030
120421340,NON-CRIMINAL,"DEATH REPORT, CAUSE UNKNOWN",Monday,05/28/2012,00:01,BAYVIEW,NONE,400 Block of PENNSYLVANIA AV,-122.393494354172,37.7608225967375,"(37.7608225967375, -122.393494354172)",12042134061030
120439995,NON-CRIMINAL,LOST PROPERTY,Monday,05/07/2012,00:01,BAYVIEW,NONE,2100 Block of EVANS AV,-122.396907843449,37.749050451453,"(37.749050451453, -122.396907843449)",12043999571000
120530048,NON-CRIMINAL,LOST PROPERTY,Friday,08/19/2011,00:01,BAYVIEW,NONE,1000 Block of CONNECTICUT ST,-122.397201937993,37.7535351242762,"(37.7535351242762, -122.397201937993)",12053004871000
120532339,NON-CRIMINAL,FOUND PROPERTY,Thursday,07/05/2012,00:01,BAYVIEW,NONE,1000 Block of CONNECTICUT ST,-122.397089183868,37.7535987880327,"(37.7535987880327, -122.397089183868)",12053233972000
120546625,NON-CRIMINAL,CASE CLOSURE,Saturday,01/01/2011,00:01,BAYVIEW,PROSECUTED BY OUTSIDE AGENCY,0 Block of GARLINGTON CT,-122.38435769838,37.7324996437285,"(37.7324996437285, -122.38435769838)",12054662575030
120563005,NON-CRIMINAL,CASE CLOSURE,Saturday,12/17/2011,00:01,BAYVIEW,DISTRICT ATTORNEY REFUSES TO PROSECUTE,1400 Block of MENDELL ST,-122.390577977348,37.7342439948771,"(37.7342439948771, -122.390577977348)",12056300575030
120625310,NON-CRIMINAL,LOST PROPERTY,Wednesday,08/01/2012,00:01,BAYVIEW,NONE,1500 Block of SILVER AV,-122.406066200535,37.7322385295219,"(37.7322385295219, -122.406066200535)",12062531071000
120625310,NON-CRIMINAL,FOUND PROPERTY,Wednesday,08/01/2012,00:01,BAYVIEW,NONE,1500 Block of SILVER AV,-122.406066200535,37.7322385295219,"(37.7322385295219, -122.406066200535)",12062531072000
120652777,NON-CRIMINAL,CASE CLOSURE,Friday,06/01/2012,00:01,BAYVIEW,DISTRICT ATTORNEY REFUSES TO PROSECUTE,1000 Block of FITZGERALD AV,-122.388416108229,37.7191956969734,"(37.7191956969734, -122.388416108229)",12065277775030
120673159,NON-CRIMINAL,FOUND PROPERTY,Friday,08/17/2012,00:01,BAYVIEW,NONE,0 Block of NICHOLS WY,-122.38724435334,37.7195130001474,"(37.7195130001474, -122.38724435334)",12067315972000
120676551,NON-CRIMINAL,FOUND PROPERTY,Saturday,08/25/2012,00:01,BAYVIEW,NONE,200 Block of ARKANSAS ST,-122.39858866472,37.7630830168805,"(37.7630830168805, -122.39858866472)",12067655172000
120707184,NON-CRIMINAL,LOST PROPERTY,Thursday,08/16/2012,00:01,BAYVIEW,NONE,1400 Block of QUESADA AV,-122.386849266637,37.7306648054582,"(37.7306648054582, -122.386849266637)",12070718471000
120734422,NON-CRIMINAL,TARASOFF REPORT,Wednesday,09/12/2012,00:01,BAYVIEW,NONE,1800 Block of ILLINOIS ST,-122.386446435207,37.7485384692349,"(37.7485384692349, -122.386446435207)",12073442215095
120890256,NON-CRIMINAL,LOST PROPERTY,Wednesday,10/31/2012,00:01,BAYVIEW,NONE,200 Block of ARKANSAS ST,-122.39845066977,37.7630911623917,"(37.7630911623917, -122.39845066977)",12089025671000
120922906,NON-CRIMINAL,CASE CLOSURE,Friday,11/09/2012,00:01,BAYVIEW,DISTRICT ATTORNEY REFUSES TO PROSECUTE,200 Block of HARBOR RD,-122.378268018481,37.7323807302226,"(37.7323807302226, -122.378268018481)",12092290675030
120972086,NON-CRIMINAL,FOUND PROPERTY,Sunday,12/02/2012,00:01,BAYVIEW,NONE,MEADE AV / JENNINGS ST,-122.3971095398,37.7176987010813,"(37.7176987010813, -122.3971095398)",12097208672000
120998361,NON-CRIMINAL,COURTESY REPORT,Sunday,09/09/2012,00:01,BAYVIEW,UNFOUNDED,0 Block of GEORGE CT,-122.382609703047,37.7309025092294,"(37.7309025092294, -122.382609703047)",12099836168030
120998361,NON-CRIMINAL,CASE CLOSURE,Sunday,09/09/2012,00:01,BAYVIEW,UNFOUNDED,0 Block of GEORGE CT,-122.382609703047,37.7309025092294,"(37.7309025092294, -122.382609703047)",12099836175030
121024474,NON-CRIMINAL,CASE CLOSURE,Tuesday,05/08/2007,00:01,BAYVIEW,PROSECUTED BY OUTSIDE AGENCY,300 Block of TOPEKA AV,-122.395289197153,37.7315593184044,"(37.7315593184044, -122.395289197153)",12102447475030
126192565,NON-CRIMINAL,LOST PROPERTY,Saturday,12/01/2012,00:01,BAYVIEW,NONE,PENNSYLVANIA AV / 20TH ST,-122.39264034869,37.7525438354787,"(37.7525438354787, -122.39264034869)",12619256571000
130026463,NON-CRIMINAL,FOUND PROPERTY,Wednesday,01/09/2013,00:01,BAYVIEW,NONE,1200 Block of MISSISSIPPI ST,-122.393463718795,37.7504879461151,"(37.7504879461151, -122.393463718795)",13002646372000
130036713,NON-CRIMINAL,CASE CLOSURE,Monday,01/14/2013,00:01,BAYVIEW,DISTRICT ATTORNEY REFUSES TO PROSECUTE,500 Block of WISCONSIN ST,-122.399310162789,37.7604718693694,"(37.7604718693694, -122.399310162789)",13003671375030
130042685,NON-CRIMINAL,CASE CLOSURE,Monday,10/01/2012,00:01,BAYVIEW,COMPLAINANT REFUSES TO PROSECUTE,1400 Block of UNDERWOOD AV,-122.389103780329,37.7281629319258,"(37.7281629319258, -122.389103780329)",13004268575030
130054878,NON-CRIMINAL,"DEATH REPORT, CAUSE UNKNOWN",Sunday,01/20/2013,00:01,BAYVIEW,NONE,1600 Block of CARROLL AV,-122.393769412756,37.7252741207542,"(37.7252741207542, -122.393769412756)",13005487861030
130145819,NON-CRIMINAL,LOST PROPERTY,Thursday,02/14/2013,00:01,BAYVIEW,NONE,1600 Block of OAKDALE AV,-122.391431786513,37.7352842415297,"(37.7352842415297, -122.391431786513)",13014581971000
130145819,NON-CRIMINAL,LOCATED PROPERTY,Thursday,02/14/2013,00:01,BAYVIEW,NONE,1600 Block of OAKDALE AV,-122.391431786513,37.7352842415297,"(37.7352842415297, -122.391431786513)",13014581973001
130154218,NON-CRIMINAL,CASE CLOSURE,Tuesday,02/19/2013,00:01,BAYVIEW,COMPLAINANT REFUSES TO PROSECUTE,0 Block of WESTBROOK CT,-122.382425286055,37.7350385061864,"(37.7350385061864, -122.382425286055)",13015421875030
130168106,NON-CRIMINAL,FOUND PROPERTY,Tuesday,02/26/2013,00:01,BAYVIEW,NONE,800 Block of ARKANSAS ST,-122.397848452486,37.7553583069138,"(37.7553583069138, -122.397848452486)",13016810672000
130186192,NON-CRIMINAL,"DEATH REPORT, CAUSE UNKNOWN",Tuesday,03/05/2013,00:01,BAYVIEW,NONE,1200 Block of NEWHALL ST,-122.391316749675,37.7365594026335,"(37.7365594026335, -122.391316749675)",13018619261030
130226908,NON-CRIMINAL,CASE CLOSURE,Tuesday,03/19/2013,00:01,BAYVIEW,"ARREST, BOOKED",0 Block of NORTHRIDGE RD,-122.375512968635,37.730806609582,"(37.730806609582, -122.375512968635)",13022690875030
130260445,NON-CRIMINAL,SEARCH WARRANT SERVICE,Tuesday,01/01/2013,00:01,BAYVIEW,"ARREST, BOOKED",23RD ST / WISCONSIN ST,-122.398695589689,37.7547456011189,"(37.7547456011189, -122.398695589689)",13026044575025
130266255,NON-CRIMINAL,CASE CLOSURE,Monday,04/01/2013,00:01,BAYVIEW,COMPLAINANT REFUSES TO PROSECUTE,4700 Block of 3RD ST,-122.390689582557,37.7352172280077,"(37.7352172280077, -122.390689582557)",13026625575030
130267372,NON-CRIMINAL,CASE CLOSURE,Friday,05/11/2012,00:01,BAYVIEW,DISTRICT ATTORNEY REFUSES TO PROSECUTE,1500 Block of CUSTER AV,-122.390102549533,37.7458849026771,"(37.7458849026771, -122.390102549533)",13026737275030
130275187,NON-CRIMINAL,CASE CLOSURE,Monday,03/25/2013,00:01,BAYVIEW,COMPLAINANT REFUSES TO PROSECUTE,700 Block of MISSOURI ST,-122.395891602231,37.7572374683582,"(37.7572374683582, -122.395891602231)",13027518775030
130287938,NON-CRIMINAL,COURTESY REPORT,Thursday,01/14/2010,00:01,BAYVIEW,UNFOUNDED,1400 Block of UNDERWOOD AV,-122.389023368894,37.7282523136056,"(37.7282523136056, -122.389023368894)",13028793868030
130287938,NON-CRIMINAL,CASE CLOSURE,Thursday,01/14/2010,00:01,BAYVIEW,UNFOUNDED,1400 Block of UNDERWOOD AV,-122.389023368894,37.7282523136056,"(37.7282523136056, -122.389023368894)",13028793875030
130291688,NON-CRIMINAL,CASE CLOSURE,Tuesday,04/09/2013,00:01,BAYVIEW,COMPLAINANT REFUSES TO PROSECUTE,0 Block of MISSIONROCK ST,-122.38857804747,37.7731157627784,"(37.7731157627784, -122.38857804747)",13029168875030
130296923,NON-CRIMINAL,LOST PROPERTY,Monday,04/08/2013,00:01,BAYVIEW,NONE,1600 Block of MCKINNON AV,-122.38974598966,37.7360920311297,"(37.7360920311297, -122.38974598966)",13029692371000
130318953,NON-CRIMINAL,COURTESY REPORT,Thursday,04/18/2013,00:01,BAYVIEW,NONE,1100 Block of FITZGERALD AV,-122.39036028161,37.7205064590363,"(37.7205064590363, -122.39036028161)",13031895368030
130325760,NON-CRIMINAL,FOUND PROPERTY,Sunday,12/30/2012,00:01,BAYVIEW,NONE,BLANKEN AV / GILLETTE AV,-122.396482054254,37.7109953081314,"(37.7109953081314, -122.396482054254)",13032576072000
130362881,NON-CRIMINAL,LOST PROPERTY,Friday,02/01/2013,00:01,BAYVIEW,NONE,1100 Block of PALOU AV,-122.382475491131,37.7292626391341,"(37.7292626391341, -122.382475491131)",13036288171000
130366219,NON-CRIMINAL,"AIDED CASE, MENTAL DISTURBED",Saturday,05/04/2013,00:01,BAYVIEW,PSYCHOPATHIC CASE,5800 Block of 3RD ST,-122.394722845179,37.72475609595,"(37.72475609595, -122.394722845179)",13036621964020
130436975,NON-CRIMINAL,"LICENSE PLATE, FOUND",Wednesday,04/03/2013,00:01,BAYVIEW,NONE,1600 Block of DAVIDSON AV,-122.392528232129,37.7461863222893,"(37.7461863222893, -122.392528232129)",13043697571011
130448500,NON-CRIMINAL,CASE CLOSURE,Friday,05/31/2013,00:01,BAYVIEW,"ARREST, CITED",1600 Block of MCKINNON AV,-122.390594707019,37.7367033939104,"(37.7367033939104, -122.390594707019)",13044850075030
130464487,NON-CRIMINAL,"STAY AWAY OR COURT ORDER, NON-DV RELATED",Friday,05/31/2013,00:01,BAYVIEW,NONE,GOETTINGEN ST / BACON ST,-122.406566957339,37.7268581085141,"(37.7268581085141, -122.406566957339)",13046448771024
130468906,NON-CRIMINAL,CASE CLOSURE,Thursday,05/30/2013,00:01,BAYVIEW,EXCEPTIONAL CLEARANCE,100 Block of KIRKWOOD AV,-122.372529609716,37.7283761838634,"(37.7283761838634, -122.372529609716)",13046890675030
130524887,NON-CRIMINAL,LOST PROPERTY,Monday,03/04/2013,00:01,BAYVIEW,NONE,100 Block of KISKA RD,-122.375989158092,37.7301576924252,"(37.7301576924252, -122.375989158092)",13052488771000
130527477,NON-CRIMINAL,LOST PROPERTY,Wednesday,06/12/2013,00:01,BAYVIEW,NONE,1300 Block of EGBERT AV,-122.391655195039,37.7221837489706,"(37.7221837489706, -122.391655195039)",13052747771000
130541900,NON-CRIMINAL,FOUND PROPERTY,Thursday,06/27/2013,00:01,BAYVIEW,NONE,TOPEKA AV / APOLLO ST,-122.396867769741,37.7326156535226,"(37.7326156535226, -122.396867769741)",13054190072000
130546007,NON-CRIMINAL,CASE CLOSURE,Wednesday,07/03/2013,00:01,BAYVIEW,COMPLAINANT REFUSES TO PROSECUTE,1200 Block of REVERE AV,-122.383599364346,37.7280102316098,"(37.7280102316098, -122.383599364346)",13054600775030
130549352,NON-CRIMINAL,CASE CLOSURE,Monday,07/01/2013,00:01,BAYVIEW,COMPLAINANT REFUSES TO PROSECUTE,1200 Block of INGALLS ST,-122.381867300078,37.7305667976884,"(37.7305667976884, -122.381867300078)",13054935275030
130562031,NON-CRIMINAL,COURTESY REPORT,Wednesday,05/01/2013,00:01,BAYVIEW,UNFOUNDED,500 Block of PENNSYLVANIA AV,-122.393311518036,37.7589101122715,"(37.7589101122715, -122.393311518036)",13056203168030
130562031,NON-CRIMINAL,CASE CLOSURE,Wednesday,05/01/2013,00:01,BAYVIEW,UNFOUNDED,500 Block of PENNSYLVANIA AV,-122.393311518036,37.7589101122715,"(37.7589101122715, -122.393311518036)",13056203175030
130588877,NON-CRIMINAL,COURTESY REPORT,Saturday,01/01/2011,00:01,BAYVIEW,UNFOUNDED,0 Block of LATONA ST,-122.392627218053,37.7316182572491,"(37.7316182572491, -122.392627218053)",13058887768030
130588877,NON-CRIMINAL,CASE CLOSURE,Saturday,01/01/2011,00:01,BAYVIEW,UNFOUNDED,0 Block of LATONA ST,-122.392627218053,37.7316182572491,"(37.7316182572491, -122.392627218053)",13058887775030
130746611,NON-CRIMINAL,CASE CLOSURE,Sunday,04/21/2013,00:01,BAYVIEW,COMPLAINANT REFUSES TO PROSECUTE,0 Block of MIDDLEPOINT RD,-122.37934537972,37.7357419068572,"(37.7357419068572, -122.37934537972)",13074661175030
130750521,NON-CRIMINAL,"AIDED CASE, DOG BITE",Sunday,09/01/2013,00:01,BAYVIEW,NONE,1500 Block of REVERE AV,-122.389286347131,37.7310998921861,"(37.7310998921861, -122.389286347131)",13075052164010
130838199,NON-CRIMINAL,COURTESY REPORT,Saturday,01/01/2011,00:01,BAYVIEW,UNFOUNDED,2800 Block of INGALLS ST,-122.391087563506,37.7213138677367,"(37.7213138677367, -122.391087563506)",13083819968030
130838199,NON-CRIMINAL,CASE CLOSURE,Saturday,01/01/2011,00:01,BAYVIEW,UNFOUNDED,2800 Block of INGALLS ST,-122.391087563506,37.7213138677367,"(37.7213138677367, -122.391087563506)",13083819975030
130866322,NON-CRIMINAL,AIDED CASE,Sunday,10/13/2013,00:01,BAYVIEW,NONE,100 Block of BRIDGEVIEW DR,-122.394537691058,37.7346923893626,"(37.7346923893626, -122.394537691058)",13086632251040
130912680,NON-CRIMINAL,LOST PROPERTY,Tuesday,01/08/2013,00:01,BAYVIEW,NONE,800 Block of GOETTINGEN ST,-122.404220753115,37.7214202825739,"(37.7214202825739, -122.404220753115)",13091268071000
130928671,NON-CRIMINAL,FOUND PROPERTY,Friday,11/01/2013,00:01,BAYVIEW,NONE,300 Block of BAY SHORE BL,-122.406479975864,37.741057552813,"(37.741057552813, -122.406479975864)",13092867172000
131026705,NON-CRIMINAL,"DEATH REPORT, NATURAL CAUSES",Wednesday,12/04/2013,00:01,BAYVIEW,NONE,100 Block of BERTHA LN,-122.380898507162,37.7332256396347,"(37.7332256396347, -122.380898507162)",13102670561040
131037285,NON-CRIMINAL,AIDED CASE,Monday,12/09/2013,00:01,BAYVIEW,NONE,1700 Block of NEWCOMB AV,-122.392563426886,37.7368743139473,"(37.7368743139473, -122.392563426886)",13103728551040
136034612,NON-CRIMINAL,LOST PROPERTY,Friday,02/15/2013,00:01,BAYVIEW,NONE,BRIDGEVIEW DR / TOPEKA AV,-122.397690561306,37.7332781466051,"(37.7332781466051, -122.397690561306)",13603461271000
136210248,NON-CRIMINAL,LOST PROPERTY,Saturday,11/02/2013,00:01,BAYVIEW,NONE,22ND ST / PENNSYLVANIA AV,-122.393123359873,37.7576508232124,"(37.7576508232124, -122.393123359873)",13621024871000
140053779,NON-CRIMINAL,"AIDED CASE, MENTAL DISTURBED",Saturday,01/18/2014,00:01,BAYVIEW,PSYCHOPATHIC CASE,300 Block of MISSOURI ST,-122.396395822907,37.7619318873115,"(37.7619318873115, -122.396395822907)",14005377964020
140059335,NON-CRIMINAL,FOUND PROPERTY,Tuesday,01/21/2014,00:01,BAYVIEW,NONE,700 Block of GIRARD ST,-122.402916155286,37.7231457543114,"(37.7231457543114, -122.402916155286)",14005933572000
140062532,NON-CRIMINAL,FOUND PROPERTY,Wednesday,01/22/2014,00:01,BAYVIEW,NONE,22ND ST / ILLINOIS ST,-122.387316279433,37.7580021664589,"(37.7580021664589, -122.387316279433)",14006253272000
140062582,NON-CRIMINAL,CASE CLOSURE,Friday,01/10/2014,00:01,BAYVIEW,UNFOUNDED,100 Block of DAKOTA ST,-122.395513264888,37.7536178531447,"(37.7536178531447, -122.395513264888)",14006258275030
140091638,NON-CRIMINAL,COURTESY REPORT,Tuesday,01/01/2013,00:01,BAYVIEW,UNFOUNDED,300 Block of GAVEN ST,-122.412197784793,37.732301367037,"(37.732301367037, -122.412197784793)",14009163868030
140091638,NON-CRIMINAL,CASE CLOSURE,Tuesday,01/01/2013,00:01,BAYVIEW,UNFOUNDED,300 Block of GAVEN ST,-122.412197784793,37.732301367037,"(37.732301367037, -122.412197784793)",14009163875030
140094278,NON-CRIMINAL,COURTESY REPORT,Wednesday,01/01/2014,00:01,BAYVIEW,UNFOUNDED,1500 Block of MCKINNON AV,-122.388278470384,37.7353946024567,"(37.7353946024567, -122.388278470384)",14009427868030
140094278,NON-CRIMINAL,CASE CLOSURE,Wednesday,01/01/2014,00:01,BAYVIEW,UNFOUNDED,1500 Block of MCKINNON AV,-122.388278470384,37.7353946024567,"(37.7353946024567, -122.388278470384)",14009427875030
140109485,NON-CRIMINAL,"AIDED CASE, MENTAL DISTURBED",Thursday,02/06/2014,00:01,BAYVIEW,PSYCHOPATHIC CASE,1100 Block of FITZGERALD AV,-122.39036028161,37.7205064590363,"(37.7205064590363, -122.39036028161)",14010948564020
140126207,NON-CRIMINAL,LOST PROPERTY,Monday,08/01/2011,00:01,BAYVIEW,NONE,0 Block of DAKOTA ST,-122.395635436168,37.7535645746594,"(37.7535645746594, -122.395635436168)",14012620771000
140126570,NON-CRIMINAL,COURTESY REPORT,Saturday,01/01/2011,00:01,BAYVIEW,UNFOUNDED,2200 Block of 23RD ST,-122.402087980578,37.754595548158,"(37.754595548158, -122.402087980578)",14012657068030
140126570,NON-CRIMINAL,CASE CLOSURE,Saturday,01/01/2011,00:01,BAYVIEW,UNFOUNDED,2200 Block of 23RD ST,-122.402087980578,37.754595548158,"(37.754595548158, -122.402087980578)",14012657075030
140132317,NON-CRIMINAL,FOUND PROPERTY,Friday,02/14/2014,00:01,BAYVIEW,NONE,900 Block of HOLLISTER AV,-122.390279933658,37.7184588047913,"(37.7184588047913, -122.390279933658)",14013231772000
140135167,NON-CRIMINAL,COURTESY REPORT,Friday,01/01/2010,00:01,BAYVIEW,UNFOUNDED,0 Block of NICHOLS WY,-122.387234795761,37.7194008333885,"(37.7194008333885, -122.387234795761)",14013516768030
140135167,NON-CRIMINAL,CASE CLOSURE,Friday,01/01/2010,00:01,BAYVIEW,UNFOUNDED,0 Block of NICHOLS WY,-122.387234795761,37.7194008333885,"(37.7194008333885, -122.387234795761)",14013516775030
140144895,NON-CRIMINAL,LOST PROPERTY,Monday,01/06/2014,00:01,BAYVIEW,NONE,100 Block of COLBY ST,-122.413652443599,37.7283204476799,"(37.7283204476799, -122.413652443599)",14014489571000
140148938,NON-CRIMINAL,"STAY AWAY OR COURT ORDER, NON-DV RELATED",Wednesday,02/19/2014,00:01,BAYVIEW,NONE,LASALLE AV / NEWHALL ST,-122.390521939554,37.7375439838695,"(37.7375439838695, -122.390521939554)",14014893871024
140171309,NON-CRIMINAL,"DEATH REPORT, CAUSE UNKNOWN",Thursday,02/27/2014,00:01,BAYVIEW,NONE,1100 Block of FITZGERALD AV,-122.39036028161,37.7205064590363,"(37.7205064590363, -122.39036028161)",14017130961030
140180504,NON-CRIMINAL,"AIDED CASE, DOG BITE",Sunday,03/02/2014,00:01,BAYVIEW,NONE,500 Block of GOETTINGEN ST,-122.405882268651,37.7250304368751,"(37.7250304368751, -122.405882268651)",14018050464010
140197139,NON-CRIMINAL,"STAY AWAY OR COURT ORDER, NON-DV RELATED",Wednesday,02/19/2014,00:01,BAYVIEW,NONE,1400 Block of INNES AV,-122.38628068833,37.7378344818347,"(37.7378344818347, -122.38628068833)",14019713971024
140305138,NON-CRIMINAL,LOST PROPERTY,Saturday,02/15/2014,00:01,BAYVIEW,NONE,100 Block of GIRARD ST,-122.405898504491,37.7303474645028,"(37.7303474645028, -122.405898504491)",14030513871000
140318012,NON-CRIMINAL,CASE CLOSURE,Thursday,04/17/2014,00:01,BAYVIEW,"ARREST, BOOKED",25TH ST / WISCONSIN ST,-122.398453963916,37.7521948639928,"(37.7521948639928, -122.398453963916)",14031801275030
140340441,NON-CRIMINAL,LOST PROPERTY,Tuesday,01/01/2013,00:01,BAYVIEW,NONE,1100 Block of INGERSON AV,-122.395616267387,37.7205414204952,"(37.7205414204952, -122.395616267387)",14034044171000
140483530,NON-CRIMINAL,COURTESY REPORT,Monday,05/19/2014,00:01,BAYVIEW,PROSECUTED BY OUTSIDE AGENCY,200 Block of WILLIAMS AV,-122.397744427103,37.7299346936044,"(37.7299346936044, -122.397744427103)",14048353068030
140483530,NON-CRIMINAL,CASE CLOSURE,Monday,05/19/2014,00:01,BAYVIEW,PROSECUTED BY OUTSIDE AGENCY,200 Block of WILLIAMS AV,-122.397744427103,37.7299346936044,"(37.7299346936044, -122.397744427103)",14048353075030
140493909,NON-CRIMINAL,COURTESY REPORT,Saturday,05/31/2014,00:01,BAYVIEW,NONE,200 Block of WILLIAMS AV,-122.397744427103,37.7299346936044,"(37.7299346936044, -122.397744427103)",14049390968030
140506637,NON-CRIMINAL,FOUND PROPERTY,Wednesday,06/18/2014,00:01,BAYVIEW,NONE,3RD ST / 20TH ST,-122.388559411328,37.7604929243617,"(37.7604929243617, -122.388559411328)",14050663772000
140508279,NON-CRIMINAL,COURTESY REPORT,Saturday,11/02/2013,00:01,BAYVIEW,UNFOUNDED,1600 Block of YOSEMITE AV,-122.392491354959,37.7272476249861,"(37.7272476249861, -122.392491354959)",14050827968030
140508279,NON-CRIMINAL,CASE CLOSURE,Saturday,11/02/2013,00:01,BAYVIEW,UNFOUNDED,1600 Block of YOSEMITE AV,-122.392491354959,37.7272476249861,"(37.7272476249861, -122.392491354959)",14050827975030
140533044,NON-CRIMINAL,LOST PROPERTY,Friday,06/20/2014,00:01,BAYVIEW,NONE,400 Block of PAUL AV,-122.399671791086,37.723293933153,"(37.723293933153, -122.399671791086)",14053304471000
140541859,NON-CRIMINAL,"DEATH REPORT, CAUSE UNKNOWN",Monday,06/30/2014,00:01,BAYVIEW,NONE,TUNNEL AV / LATHROP AV,-122.4010614419,37.711050590288,"(37.711050590288, -122.4010614419)",14054185961030
140803609,NON-CRIMINAL,LOST PROPERTY,Tuesday,08/12/2014,00:01,BAYVIEW,NONE,1600 Block of MCKINNON AV,-122.390670834934,37.736611643242,"(37.736611643242, -122.390670834934)",14080360971000
140824398,NON-CRIMINAL,LOST PROPERTY,Monday,08/25/2014,00:01,BAYVIEW,NONE,200 Block of TOPEKA AV,-122.396253544218,37.7322591828462,"(37.7322591828462, -122.396253544218)",14082439871000
140831268,NON-CRIMINAL,SEARCH WARRANT SERVICE,Thursday,10/02/2014,00:01,BAYVIEW,"ARREST, BOOKED",1800 Block of OAKDALE AV,-122.395572399938,37.7375042189557,"(37.7375042189557, -122.395572399938)",14083126875025
140897232,NON-CRIMINAL,LOST PROPERTY,Monday,10/20/2014,00:01,BAYVIEW,NONE,400 Block of RHODEISLAND ST,-122.402571216964,37.7641259075201,"(37.7641259075201, -122.402571216964)",14089723271000
140936078,NON-CRIMINAL,FOUND PROPERTY,Wednesday,11/05/2014,00:01,BAYVIEW,NONE,200 Block of WILLIAMS AV,-122.397744427103,37.7299346936044,"(37.7299346936044, -122.397744427103)",14093607872000
140997161,NON-CRIMINAL,FOUND PROPERTY,Wednesday,11/19/2014,00:01,BAYVIEW,NONE,1200 Block of HOLLISTER AV,-122.395098403651,37.7213030940671,"(37.7213030940671, -122.395098403651)",14099716172000
141027533,NON-CRIMINAL,"LICENSE PLATE, RECOVERED",Saturday,12/06/2014,00:01,BAYVIEW,NONE,100 Block of TEXAS ST,-122.395674369797,37.7645397387106,"(37.7645397387106, -122.395674369797)",14102753371012
141045030,NON-CRIMINAL,LOST PROPERTY,Wednesday,06/12/2013,00:01,BAYVIEW,NONE,1400 Block of SHAFTER AV,-122.387977804168,37.7294150332369,"(37.7294150332369, -122.387977804168)",14104503071000
141053209,NON-CRIMINAL,"DEATH REPORT, NATURAL CAUSES",Monday,12/15/2014,00:01,BAYVIEW,NONE,1800 Block of 25TH ST,-122.397497373637,37.7523066322263,"(37.7523066322263, -122.397497373637)",14105320961040
141075015,NON-CRIMINAL,AIDED CASE,Monday,12/15/2014,00:01,BAYVIEW,NONE,1500 Block of SILVER AV,-122.406066200535,37.7322385295219,"(37.7322385295219, -122.406066200535)",14107501551040
141083018,NON-CRIMINAL,FIRE REPORT,Thursday,12/25/2014,00:01,BAYVIEW,NONE,200 Block of MISSISSIPPI ST,-122.394581942466,37.7633218410711,"(37.7633218410711, -122.394581942466)",14108301868000
141083187,NON-CRIMINAL,"DEATH REPORT, CAUSE UNKNOWN",Thursday,12/25/2014,00:01,BAYVIEW,NONE,5600 Block of 3RD ST,-122.393870253511,37.7266401259472,"(37.7266401259472, -122.393870253511)",14108318761030
141096306,NON-CRIMINAL,CASE CLOSURE,Thursday,12/11/2014,00:01,BAYVIEW,EXCEPTIONAL CLEARANCE,1000 Block of CONNECTICUT ST,-122.397201937993,37.7535351242762,"(37.7535351242762, -122.397201937993)",14109630675030
149010619,NON-CRIMINAL,LOST PROPERTY,Saturday,02/01/2014,00:01,BAYVIEW,NONE,1200 Block of MISSISSIPPI ST,-122.393463718795,37.7504879461151,"(37.7504879461151, -122.393463718795)",14901061971000
150101302,NON-CRIMINAL,COURTESY REPORT,Monday,02/02/2015,00:01,BAYVIEW,UNFOUNDED,200 Block of WILLIAMS AV,-122.397744427103,37.7299346936044,"(37.7299346936044, -122.397744427103)",15010130268030
150101302,NON-CRIMINAL,CASE CLOSURE,Monday,02/02/2015,00:01,BAYVIEW,UNFOUNDED,200 Block of WILLIAMS AV,-122.397744427103,37.7299346936044,"(37.7299346936044, -122.397744427103)",15010130275030
150224283,NON-CRIMINAL,LOST PROPERTY,Wednesday,03/11/2015,00:01,BAYVIEW,NONE,1300 Block of EGBERT AV,-122.391655195039,37.7221837489706,"(37.7221837489706, -122.391655195039)",15022428371000
150245126,NON-CRIMINAL,FOUND PROPERTY,Thursday,03/19/2015,00:01,BAYVIEW,NONE,100 Block of GIRARD ST,-122.405898504491,37.7303474645028,"(37.7303474645028, -122.405898504491)",15024512672000
150245728,NON-CRIMINAL,AIDED CASE -PROPERTY FOR DESTRUCTION,Thursday,03/19/2015,00:01,BAYVIEW,NONE,0 Block of NICHOLS WY,-122.387234795761,37.7194008333885,"(37.7194008333885, -122.387234795761)",15024572851041
150261871,NON-CRIMINAL,CASE CLOSURE,Tuesday,02/24/2015,00:01,BAYVIEW,EXCEPTIONAL CLEARANCE,1100 Block of FITZGERALD AV,-122.39036028161,37.7205064590363,"(37.7205064590363, -122.39036028161)",15026187175030
150271892,NON-CRIMINAL,COURTESY REPORT,Friday,03/20/2015,00:01,BAYVIEW,NONE,1200 Block of MICHIGAN ST,-122.385839094171,37.7535777318866,"(37.7535777318866, -122.385839094171)",15027189268030
150274056,NON-CRIMINAL,COURTESY REPORT,Friday,01/16/2015,00:01,BAYVIEW,UNFOUNDED,1300 Block of EVANS AV,-122.382742108888,37.7399451834026,"(37.7399451834026, -122.382742108888)",15027405668030
150274056,NON-CRIMINAL,CASE CLOSURE,Friday,01/16/2015,00:01,BAYVIEW,UNFOUNDED,1300 Block of EVANS AV,-122.382742108888,37.7399451834026,"(37.7399451834026, -122.382742108888)",15027405675030
150279335,NON-CRIMINAL,LOST PROPERTY,Monday,03/23/2015,00:01,BAYVIEW,NONE,2200 Block of 24TH ST,-122.401966437131,37.7533190358489,"(37.7533190358489, -122.401966437131)",15027933571000
150309324,NON-CRIMINAL,FOUND PROPERTY,Thursday,04/09/2015,00:01,BAYVIEW,NONE,900 Block of 7TH ST,-122.399574041945,37.7700775519795,"(37.7700775519795, -122.399574041945)",15030932472000
150320950,NON-CRIMINAL,"AIDED CASE, MENTAL DISTURBED",Monday,04/13/2015,00:01,BAYVIEW,NONE,1400 Block of KIRKWOOD CT,-122.387808528933,37.7369224970836,"(37.7369224970836, -122.387808528933)",15032095064020
150341809,NON-CRIMINAL,COURTESY REPORT,Monday,04/13/2015,00:01,BAYVIEW,UNFOUNDED,0 Block of VESTA ST,-122.40013097592,37.7308679957049,"(37.7308679957049, -122.40013097592)",15034180968030
150341809,NON-CRIMINAL,CASE CLOSURE,Monday,04/13/2015,00:01,BAYVIEW,UNFOUNDED,0 Block of VESTA ST,-122.40013097592,37.7308679957049,"(37.7308679957049, -122.40013097592)",15034180975030
150348071,NON-CRIMINAL,LOST PROPERTY,Wednesday,04/01/2015,00:01,BAYVIEW,NONE,1200 Block of UNDERWOOD AV,-122.385305830048,37.7261423764642,"(37.7261423764642, -122.385305830048)",15034807171000
150357458,NON-CRIMINAL,AIDED CASE -PROPERTY FOR DESTRUCTION,Thursday,04/23/2015,00:01,BAYVIEW,NONE,0 Block of SILVERVIEW DR,-122.396119461658,37.7337528054058,"(37.7337528054058, -122.396119461658)",15035745851041
150369500,NON-CRIMINAL,COURTESY REPORT,Thursday,01/01/2015,00:01,BAYVIEW,UNFOUNDED,MIDDLEPOINT RD / WILLS ST,-122.379417852372,37.736274003944,"(37.736274003944, -122.379417852372)",15036950068030
150369500,NON-CRIMINAL,CASE CLOSURE,Thursday,01/01/2015,00:01,BAYVIEW,UNFOUNDED,MIDDLEPOINT RD / WILLS ST,-122.379417852372,37.736274003944,"(37.736274003944, -122.379417852372)",15036950075030
150381918,NON-CRIMINAL,LOST PROPERTY,Wednesday,04/01/2015,00:01,BAYVIEW,NONE,1400 Block of THOMAS AV,-122.388542831272,37.7287892888548,"(37.7287892888548, -122.388542831272)",15038191871000
150394284,NON-CRIMINAL,COURTESY REPORT,Friday,05/01/2015,00:01,BAYVIEW,UNFOUNDED,1700 Block of EGBERT AV,-122.398317587863,37.7265023455297,"(37.7265023455297, -122.398317587863)",15039428468030
150394284,NON-CRIMINAL,CASE CLOSURE,Friday,05/01/2015,00:01,BAYVIEW,UNFOUNDED,1700 Block of EGBERT AV,-122.398317587863,37.7265023455297,"(37.7265023455297, -122.398317587863)",15039428475030
150396111,NON-CRIMINAL,"DEATH REPORT, CAUSE UNKNOWN",Thursday,05/07/2015,00:01,BAYVIEW,NONE,600 Block of JAMESTOWN AV,-122.387833652325,37.7131072321423,"(37.7131072321423, -122.387833652325)",15039611161030
150433020,NON-CRIMINAL,COURTESY REPORT,Wednesday,04/15/2015,00:01,BAYVIEW,UNFOUNDED,1000 Block of TENNESSEE ST,-122.389296892558,37.7591514070913,"(37.7591514070913, -122.389296892558)",15043302068030
150433020,NON-CRIMINAL,CASE CLOSURE,Wednesday,04/15/2015,00:01,BAYVIEW,UNFOUNDED,1000 Block of TENNESSEE ST,-122.389296892558,37.7591514070913,"(37.7591514070913, -122.389296892558)",15043302075030
150583772,NON-CRIMINAL,"AIDED CASE, MENTAL DISTURBED",Sunday,07/05/2015,00:01,BAYVIEW,NONE,3RD ST / PAUL AV,-122.395622324587,37.7224336236684,"(37.7224336236684, -122.395622324587)",15058377264020
150584720,NON-CRIMINAL,COURTESY REPORT,Saturday,05/30/2015,00:01,BAYVIEW,UNFOUNDED,0 Block of SIERRA ST,-122.395623637475,37.7582682709987,"(37.7582682709987, -122.395623637475)",15058472068030
150584720,NON-CRIMINAL,CASE CLOSURE,Saturday,05/30/2015,00:01,BAYVIEW,UNFOUNDED,0 Block of SIERRA ST,-122.395623637475,37.7582682709987,"(37.7582682709987, -122.395623637475)",15058472075030
150633098,NON-CRIMINAL,AIDED CASE,Sunday,07/19/2015,00:01,BAYVIEW,NONE,200 Block of WILLIAMS AV,-122.397744427103,37.7299346936044,"(37.7299346936044, -122.397744427103)",15063309851040
150664532,NON-CRIMINAL,"AIDED CASE, MENTAL DISTURBED",Friday,07/31/2015,00:01,BAYVIEW,NONE,1200 Block of FITZGERALD AV,-122.392216911504,37.7215602036508,"(37.7215602036508, -122.392216911504)",15066453264020
150665063,NON-CRIMINAL,LOST PROPERTY,Wednesday,07/29/2015,00:01,BAYVIEW,NONE,2000 Block of 3RD ST,-122.388918212006,37.7636669731603,"(37.7636669731603, -122.388918212006)",15066506371000
150688918,NON-CRIMINAL,"STAY AWAY OR COURT ORDER, NON-DV RELATED",Saturday,08/08/2015,00:01,BAYVIEW,NONE,1700 Block of OAKDALE AV,-122.393211507811,37.7361603799736,"(37.7361603799736, -122.393211507811)",15068891871024
150720827,NON-CRIMINAL,LOST PROPERTY,Tuesday,08/04/2015,00:01,BAYVIEW,NONE,0 Block of MISSIONROCK ST,-122.388560053783,37.7730053146782,"(37.7730053146782, -122.388560053783)",15072082771000
150736040,NON-CRIMINAL,LOST PROPERTY,Saturday,08/22/2015,00:01,BAYVIEW,NONE,300 Block of WILLIAMS AV,-122.399443658942,37.7301760161647,"(37.7301760161647, -122.399443658942)",15073604071000
150749275,NON-CRIMINAL,FOUND PROPERTY,Saturday,08/22/2015,00:01,BAYVIEW,NONE,1200 Block of 3RD ST,-122.389517648036,37.7724682400061,"(37.7724682400061, -122.389517648036)",15074927572000
150761558,NON-CRIMINAL,FOUND PROPERTY,Sunday,08/30/2015,00:01,BAYVIEW,NONE,SHAFTER AV / HAWES ST,-122.383248801195,37.726799157565,"(37.726799157565, -122.383248801195)",15076155872000
150821992,NON-CRIMINAL,LOST PROPERTY,Friday,09/18/2015,00:01,BAYVIEW,NONE,100 Block of ALBATROSS CT,-122.372202831457,37.7283811943587,"(37.7283811943587, -122.372202831457)",15082199271000
150873727,NON-CRIMINAL,"DEATH REPORT, CAUSE UNKNOWN",Saturday,10/03/2015,00:01,BAYVIEW,NONE,1300 Block of EGBERT AV,-122.391655195039,37.7221837489706,"(37.7221837489706, -122.391655195039)",15087372761030
150900922,NON-CRIMINAL,"DEATH REPORT, CAUSE UNKNOWN",Wednesday,10/07/2015,00:01,BAYVIEW,NONE,900 Block of IOWA ST,-122.391708193948,37.7538716329607,"(37.7538716329607, -122.391708193948)",15090092261030
151020555,NON-CRIMINAL,PROPERTY FOR IDENTIFICATION,Monday,10/26/2015,00:01,BAYVIEW,"ARREST, BOOKED",1500 Block of BAY SHORE BL,-122.401096851568,37.7245556697717,"(37.7245556697717, -122.401096851568)",15102055573000
151035231,NON-CRIMINAL,"AIDED CASE, MENTAL DISTURBED",Sunday,11/29/2015,00:01,BAYVIEW,NONE,2800 Block of 3RD ST,-122.387954276497,37.7534536132263,"(37.7534536132263, -122.387954276497)",15103523164020
151104949,NON-CRIMINAL,LOST PROPERTY,Saturday,12/19/2015,00:01,BAYVIEW,NONE,1200 Block of MISSISSIPPI ST,-122.393463718795,37.7504879461151,"(37.7504879461151, -122.393463718795)",15110494971000
156271430,NON-CRIMINAL,LOST PROPERTY,Saturday,10/31/2015,00:01,BAYVIEW,NONE,16TH ST / 3RD ST,-122.389103032813,37.7669037251921,"(37.7669037251921, -122.389103032813)",15627143071000
156284847,NON-CRIMINAL,LOST PROPERTY,Thursday,11/05/2015,00:01,BAYVIEW,NONE,1500 Block of VANDYKE AV,-122.391459714269,37.7286847085813,"(37.7286847085813, -122.391459714269)",15628484771000
160027970,NON-CRIMINAL,FOUND PROPERTY,Sunday,11/01/2015,00:01,BAYVIEW,NONE,1200 Block of 3RD ST,-122.389517648036,37.7724682400061,"(37.7724682400061, -122.389517648036)",16002797072000
160115456,NON-CRIMINAL,LOST PROPERTY,Tuesday,12/08/2015,00:01,BAYVIEW,NONE,100 Block of THORNTON AV,-122.393914948342,37.7308364690837,"(37.7308364690837, -122.393914948342)",16011545671000
160117844,NON-CRIMINAL,"LICENSE PLATE, RECOVERED",Tuesday,01/26/2016,00:01,BAYVIEW,NONE,1100 Block of PALOU AV,-122.38247549113076,37.729262639134106,"(37.729262639134106, -122.38247549113076)",16011784471012
160122310,NON-CRIMINAL,FOUND PROPERTY,Wednesday,02/10/2016,00:01,BAYVIEW,NONE,CAMBRIDGE ST / PIOCHE ST,-122.41938933208544,37.72880899153075,"(37.72880899153075, -122.41938933208544)",16012231072000
160145629,NON-CRIMINAL,SEARCH WARRANT SERVICE,Saturday,02/06/2016,00:01,BAYVIEW,"ARREST, BOOKED",100 Block of CHANNEL ST,-122.39075327366265,37.77437923478075,"(37.77437923478075, -122.39075327366265)",16014562975025
160165360,NON-CRIMINAL,FOUND PROPERTY,Thursday,02/25/2016,00:01,BAYVIEW,NONE,CONKLING ST / SILVER AV,-122.4018089571906,37.73472804282695,"(37.73472804282695, -122.4018089571906)",16016536072000
160187728,NON-CRIMINAL,LOST PROPERTY,Sunday,01/31/2016,00:01,BAYVIEW,NONE,0 Block of SCOTIA AV,-122.40142792384225,37.73364579939375,"(37.73364579939375, -122.40142792384225)",16018772871000
160188657,NON-CRIMINAL,LOST PROPERTY,Thursday,03/03/2016,00:01,BAYVIEW,NONE,1200 Block of 3RD ST,-122.38951764803554,37.77246824000607,"(37.77246824000607, -122.38951764803554)",16018865771000
160193242,NON-CRIMINAL,"AIDED CASE, MENTAL DISTURBED",Sunday,03/06/2016,00:01,BAYVIEW,NONE,1300 Block of PALOU AV,-122.38628498364028,37.73128968741954,"(37.73128968741954, -122.38628498364028)",16019324264020
160217109,NON-CRIMINAL,"AIDED CASE, MENTAL DISTURBED",Tuesday,03/15/2016,00:01,BAYVIEW,NONE,0 Block of BEATRICE LN,-122.38126184762622,37.731591655106925,"(37.731591655106925, -122.38126184762622)",16021710964020
160241465,NON-CRIMINAL,"AIDED CASE, MENTAL DISTURBED",Wednesday,03/23/2016,00:01,BAYVIEW,NONE,2400 Block of SAN BRUNO AV,-122.40495246132694,37.730737624358206,"(37.730737624358206, -122.40495246132694)",16024146564020
160279450,NON-CRIMINAL,"AIDED CASE, MENTAL DISTURBED",Tuesday,04/05/2016,00:01,BAYVIEW,NONE,0 Block of BRIDGEVIEW DR,-122.39453769105837,37.73469238936262,"(37.73469238936262, -122.39453769105837)",16027945064020
160287243,NON-CRIMINAL,"AIDED CASE, DOG BITE",Thursday,04/07/2016,00:01,BAYVIEW,NONE,3RD ST / REVERE AV,-122.39152289304221,37.73243238644709,"(37.73243238644709, -122.39152289304221)",16028724364010
160308134,NON-CRIMINAL,LOST PROPERTY,Sunday,04/03/2016,00:01,BAYVIEW,NONE,1200 Block of 3RD ST,-122.38951764803554,37.77246824000607,"(37.77246824000607, -122.38951764803554)",16030813471000
160323477,NON-CRIMINAL,FOUND PROPERTY,Wednesday,04/20/2016,00:01,BAYVIEW,NONE,700 Block of INNES AV,-122.37292607972161,37.730459961039685,"(37.730459961039685, -122.37292607972161)",16032347772000
160367726,NON-CRIMINAL,LOST PROPERTY,Saturday,04/23/2016,00:01,BAYVIEW,NONE,1200 Block of 3RD ST,-122.38951764803554,37.77246824000607,"(37.77246824000607, -122.38951764803554)",16036772671000
160382360,NON-CRIMINAL,LOST PROPERTY,Wednesday,05/04/2016,00:01,BAYVIEW,NONE,2000 Block of THOMAS AV,-122.39971302686011,37.734999794932406,"(37.734999794932406, -122.39971302686011)",16038236071000
160407827,NON-CRIMINAL,"AIDED CASE, MENTAL DISTURBED",Wednesday,05/18/2016,00:01,BAYVIEW,NONE,0 Block of CONKLING ST,-122.40182877308172,37.73560595855165,"(37.73560595855165, -122.40182877308172)",16040782764020
160414474,NON-CRIMINAL,"LICENSE PLATE, RECOVERED",Saturday,05/21/2016,00:01,BAYVIEW,NONE,200 Block of ELMIRA ST,-122.40347432238195,37.7340298290442,"(37.7340298290442, -122.40347432238195)",16041447471012
160463255,NON-CRIMINAL,CASE CLOSURE,Wednesday,06/01/2016,00:01,BAYVIEW,UNFOUNDED,0 Block of CASHMERE ST,-122.3827453955187,37.73565878863425,"(37.73565878863425, -122.3827453955187)",16046325575030
160472193,NON-CRIMINAL,SEARCH WARRANT SERVICE,Friday,06/10/2016,00:01,BAYVIEW,NONE,0 Block of TURNER TR,-122.39510689192542,37.75663058345212,"(37.75663058345212, -122.39510689192542)",16047219375025
160493810,NON-CRIMINAL,FOUND PROPERTY,Friday,06/17/2016,00:01,BAYVIEW,NONE,1200 Block of 3RD ST,-122.38951764803554,37.77246824000607,"(37.77246824000607, -122.38951764803554)",16049381072000
160507364,NON-CRIMINAL,"LICENSE PLATE, RECOVERED",Wednesday,06/01/2016,00:01,BAYVIEW,NONE,ARLETA AV / BAY SHORE BL,-122.4024596349512,37.71218172736789,"(37.71218172736789, -122.4024596349512)",16050736471012
160558577,NON-CRIMINAL,FOUND PROPERTY,Monday,07/11/2016,00:01,BAYVIEW,NONE,1700 Block of NEWCOMB AV,-122.39264375360534,37.73678488005126,"(37.73678488005126, -122.39264375360534)",16055857772000
160571676,NON-CRIMINAL,"DEATH REPORT, CAUSE UNKNOWN",Wednesday,07/06/2016,00:01,BAYVIEW,NONE,0 Block of OLMSTEAD ST,-122.4021302348051,37.722755428672535,"(37.722755428672535, -122.4021302348051)",16057167661030
160592622,NON-CRIMINAL,"AIDED CASE, MENTAL DISTURBED",Saturday,07/23/2016,00:01,BAYVIEW,NONE,1100 Block of PALOU AV,-122.38247549113076,37.729262639134106,"(37.729262639134106, -122.38247549113076)",16059262264020
160597638,NON-CRIMINAL,SEARCH WARRANT SERVICE,Monday,07/25/2016,00:01,BAYVIEW,"ARREST, BOOKED",300 Block of BAY SHORE BL,-122.40682518367814,37.741054981526005,"(37.741054981526005, -122.40682518367814)",16059763875025
160637234,NON-CRIMINAL,FOUND PROPERTY,Sunday,07/31/2016,00:01,BAYVIEW,NONE,1200 Block of 3RD ST,-122.38951764803554,37.77246824000607,"(37.77246824000607, -122.38951764803554)",16063723472000
160681736,NON-CRIMINAL,LOST PROPERTY,Sunday,08/14/2016,00:01,BAYVIEW,NONE,300 Block of MISSISSIPPI ST,-122.39460238416927,37.76204000006509,"(37.76204000006509, -122.39460238416927)",16068173671000
160682198,NON-CRIMINAL,LOST PROPERTY,Saturday,08/13/2016,00:01,BAYVIEW,NONE,1200 Block of 3RD ST,-122.38951764803554,37.77246824000607,"(37.77246824000607, -122.38951764803554)",16068219871000
160712905,NON-CRIMINAL,"STAY AWAY OR COURT ORDER, NON-DV RELATED",Friday,09/02/2016,00:01,BAYVIEW,"ARREST, BOOKED",900 Block of CONNECTICUT ST,-122.39708918386793,37.75359878803266,"(37.75359878803266, -122.39708918386793)",16071290571024
160757791,NON-CRIMINAL,FOUND PROPERTY,Wednesday,04/01/2015,00:01,BAYVIEW,NONE,1200 Block of 3RD ST,-122.389517648036,37.7724682400061,"(37.7724682400061, -122.389517648036)",16075779172000
160787908,NON-CRIMINAL,"DEATH REPORT, CAUSE UNKNOWN",Tuesday,09/27/2016,00:01,BAYVIEW,NONE,200 Block of GIRARD ST,-122.40540101310472,37.729146784154686,"(37.729146784154686, -122.40540101310472)",16078790861030
160799248,NON-CRIMINAL,FOUND PROPERTY,Saturday,10/01/2016,00:01,BAYVIEW,NONE,1200 Block of 3RD ST,-122.38951764803554,37.77246824000607,"(37.77246824000607, -122.38951764803554)",16079924872000
160933731,NON-CRIMINAL,CASE CLOSURE,Monday,09/12/2016,00:01,BAYVIEW,UNFOUNDED,2900 Block of INGALLS ST,-122.39165008962084,37.72068846270153,"(37.72068846270153, -122.39165008962084)",16093373175030
160985328,NON-CRIMINAL,"LICENSE PLATE, RECOVERED",Thursday,11/03/2016,00:01,BAYVIEW,NONE,300 Block of THORNTON AV,-122.39603708696549,37.73125124691898,"(37.73125124691898, -122.39603708696549)",16098532871012
161017699,NON-CRIMINAL,CASE CLOSURE,Thursday,07/21/2016,00:01,BAYVIEW,NONE,5800 Block of 3RD ST,-122.39472284517866,37.72475609595003,"(37.72475609595003, -122.39472284517866)",16101769975030
170095224,NON-CRIMINAL,LOST PROPERTY,Wednesday,01/25/2017,00:01,BAYVIEW,NONE,1400 Block of INNES AV,-122.38610070321091,37.7380020117208,"(37.7380020117208, -122.38610070321091)",17009522471000
170111983,NON-CRIMINAL,FOUND PROPERTY,Wednesday,02/08/2017,00:01,BAYVIEW,NONE,HUDSON AV / 3RD ST,-122.38875579498996,37.74031922296752,"(37.74031922296752, -122.38875579498996)",17011198372000
170152642,NON-CRIMINAL,"DEATH REPORT, CAUSE UNKNOWN",Monday,02/20/2017,00:01,BAYVIEW,NONE,400 Block of SOMERSET ST,-122.40723598865824,37.726005360654064,"(37.726005360654064, -122.40723598865824)",17015264261030
170152642,NON-CRIMINAL,"AIDED CASE, MENTAL DISTURBED",Monday,02/20/2017,00:01,BAYVIEW,NONE,400 Block of SOMERSET ST,-122.40723598865824,37.726005360654064,"(37.726005360654064, -122.40723598865824)",17015264264020
170159654,NON-CRIMINAL,"LICENSE PLATE, RECOVERED",Friday,02/03/2017,00:01,BAYVIEW,NONE,700 Block of ARKANSAS ST,-122.39796925353899,37.756624575350536,"(37.756624575350536, -122.39796925353899)",17015965471012
170165689,NON-CRIMINAL,LOST PROPERTY,Saturday,10/01/2016,00:01,BAYVIEW,NONE,1000 Block of WOOLSEY ST,-122.41196444829768,37.72273230793402,"(37.72273230793402, -122.41196444829768)",17016568971000
170216191,NON-CRIMINAL,LOST PROPERTY,Monday,03/13/2017,00:01,BAYVIEW,NONE,500 Block of SOMERSET ST,-122.40673435835102,37.72480280917905,"(37.72480280917905, -122.40673435835102)",17021619171000
170237959,NON-CRIMINAL,LOST PROPERTY,Tuesday,11/01/2016,00:01,BAYVIEW,NONE,1200 Block of 3RD ST,-122.38951764803554,37.77246824000607,"(37.77246824000607, -122.38951764803554)",17023795971000
170240457,NON-CRIMINAL,AIDED CASE,Friday,03/24/2017,00:01,BAYVIEW,NONE,0 Block of DOUBLEROCK ST,-122.38777500251452,37.72046586512931,"(37.72046586512931, -122.38777500251452)",17024045751040
170252452,NON-CRIMINAL,FOUND PROPERTY,Monday,03/27/2017,00:01,BAYVIEW,NONE,GILMAN AV / GRIFFITH ST,-122.38813931724444,37.7182356373615,"(37.7182356373615, -122.38813931724444)",17025245272000
170265502,NON-CRIMINAL,FOUND PROPERTY,Friday,03/31/2017,00:01,BAYVIEW,NONE,1200 Block of 3RD ST,-122.38951764803554,37.77246824000607,"(37.77246824000607, -122.38951764803554)",17026550272000
170295292,NON-CRIMINAL,COURTESY REPORT,Tuesday,04/11/2017,00:01,BAYVIEW,NONE,0 Block of CARGO WY,-122.37995181728104,37.74210343516048,"(37.74210343516048, -122.37995181728104)",17029529268030
170416799,NON-CRIMINAL,LOST PROPERTY,Friday,05/19/2017,00:01,BAYVIEW,NONE,1200 Block of 3RD ST,-122.38951764803554,37.77246824000607,"(37.77246824000607, -122.38951764803554)",17041679971000
170451836,NON-CRIMINAL,CASE CLOSURE,Saturday,02/25/2017,00:01,BAYVIEW,"ARREST, BOOKED",UNDERWOOD AV / JENNINGS ST,-122.3881126723235,37.72766899239085,"(37.72766899239085, -122.3881126723235)",17045183675030
170490157,NON-CRIMINAL,FOUND PROPERTY,Friday,06/16/2017,00:01,BAYVIEW,UNFOUNDED,1200 Block of 3RD ST,-122.38951764803554,37.77246824000607,"(37.77246824000607, -122.38951764803554)",17049015772000
170519202,NON-CRIMINAL,SEARCH WARRANT SERVICE,Sunday,06/25/2017,00:01,BAYVIEW,"ARREST, BOOKED",1000 Block of LECONTE AV,-122.39800417733983,37.71903317873177,"(37.71903317873177, -122.39800417733983)",17051920275025
170535399,NON-CRIMINAL,"DEATH REPORT, NATURAL CAUSES",Saturday,07/01/2017,00:01,BAYVIEW,NONE,2900 Block of HAWES ST,-122.39143121675896,37.71780991796159,"(37.71780991796159, -122.39143121675896)",17053539961040
170599414,NON-CRIMINAL,COURTESY REPORT,Thursday,12/01/2016,00:01,BAYVIEW,NONE,1200 Block of 3RD ST,-122.38951764803554,37.77246824000607,"(37.77246824000607, -122.38951764803554)",17059941468030
170744512,NON-CRIMINAL,"LICENSE PLATE, RECOVERED",Tuesday,09/12/2017,00:01,BAYVIEW,NONE,0 Block of GIRARD ST,-122.40639602138704,37.73154085778873,"(37.73154085778873, -122.40639602138704)",17074451271012
170827215,NON-CRIMINAL,LOST PROPERTY,Tuesday,09/26/2017,00:01,BAYVIEW,NONE,1200 Block of 3RD ST,-122.38951764803554,37.77246824000607,"(37.77246824000607, -122.38951764803554)",17082721571000
170830810,NON-CRIMINAL,CASE CLOSURE,Monday,03/27/2017,00:01,BAYVIEW,UNFOUNDED,1400 Block of REVERE AV,-122.38733312809734,37.73012930297655,"(37.73012930297655, -122.38733312809734)",17083081075030
170833585,NON-CRIMINAL,"LICENSE PLATE, RECOVERED",Thursday,08/24/2017,00:01,BAYVIEW,NONE,100 Block of CONNECTICUT ST,-122.39774283233712,37.764416549533124,"(37.764416549533124, -122.39774283233712)",17083358571012
170849526,NON-CRIMINAL,"DEATH REPORT, CAUSE UNKNOWN",Monday,10/09/2017,00:01,BAYVIEW,NONE,1700 Block of LASALLE AV,-122.39143480043337,37.73812709350127,"(37.73812709350127, -122.39143480043337)",17084952661030
170913977,NON-CRIMINAL,FOUND PROPERTY,Thursday,11/09/2017,00:01,BAYVIEW,NONE,500 Block of CONNECTICUT ST,-122.39719389469867,37.758676111029445,"(37.758676111029445, -122.39719389469867)",17091397772000
170936872,NON-CRIMINAL,COURTESY REPORT,Tuesday,11/07/2017,00:01,BAYVIEW,NONE,800 Block of CAROLINA ST,-122.39996334684605,37.758660244645945,"(37.758660244645945, -122.39996334684605)",17093687268030
170966205,NON-CRIMINAL,LOST PROPERTY,Tuesday,11/28/2017,00:01,BAYVIEW,NONE,3RD ST / 16TH ST,-122.38910303281254,37.76690372519212,"(37.76690372519212, -122.38910303281254)",17096620571000
170992921,NON-CRIMINAL,LOST PROPERTY,Friday,12/01/2017,00:01,BAYVIEW,NONE,1200 Block of 3RD ST,-122.38951764803554,37.77246824000607,"(37.77246824000607, -122.38951764803554)",17099292171000
171050106,NON-CRIMINAL,CASE CLOSURE,Sunday,04/23/2017,00:01,BAYVIEW,UNFOUNDED,1600 Block of KIRKWOOD AV,-122.39095293058726,37.738662559968354,"(37.738662559968354, -122.39095293058726)",17105010675030
176282586,NON-CRIMINAL,LOST PROPERTY,Tuesday,10/10/2017,00:01,BAYVIEW,NONE,600 Block of 25TH ST,-122.38440260220098,37.75297493636424,"(37.75297493636424, -122.38440260220098)",17628258671000
179004080,NON-CRIMINAL,FOUND PROPERTY,Friday,06/23/2017,00:01,BAYVIEW,NONE,26TH ST / RHODEISLAND ST,-122.4012335207308,37.750631010285176,"(37.750631010285176, -122.4012335207308)",17900408072000
180071753,NON-CRIMINAL,LOST PROPERTY,Tuesday,11/21/2017,00:01,BAYVIEW,NONE,1800 Block of KEITH ST,-122.38908605638471,37.72962921103395,"(37.72962921103395, -122.38908605638471)",18007175371000
180107308,NON-CRIMINAL,"DEATH REPORT, CAUSE UNKNOWN",Friday,02/09/2018,00:01,BAYVIEW,NONE,1100 Block of 4TH ST,-122.39147033594075,37.773117629859115,"(37.773117629859115, -122.39147033594075)",18010730861030
180123730,NON-CRIMINAL,LOST PROPERTY,Wednesday,02/15/2017,00:01,BAYVIEW,NONE,0 Block of PROGRESS ST,-122.38363653040626,37.733463987153186,"(37.733463987153186, -122.38363653040626)",18012373071000
180128536,NON-CRIMINAL,"LICENSE PLATE, RECOVERED",Tuesday,02/13/2018,00:01,BAYVIEW,NONE,900 Block of CAROLINA ST,-122.39993043578416,37.75595687317456,"(37.75595687317456, -122.39993043578416)",18012853671012
180204863,NON-CRIMINAL,FOUND PROPERTY,Sunday,03/18/2018,00:01,BAYVIEW,NONE,SAN BRUNO AV / 18TH ST,-122.40522122725073,37.76205421266076,"(37.76205421266076, -122.40522122725073)",18020486372000
180252668,NON-CRIMINAL,LOST PROPERTY,Thursday,04/05/2018,00:01,BAYVIEW,NONE,0 Block of REDDY ST,-122.39528536487374,37.730364147819905,"(37.730364147819905, -122.39528536487374)",18025266871000
180286269,NON-CRIMINAL,CASE CLOSURE,Wednesday,12/20/2017,00:01,BAYVIEW,NONE,1200 Block of INGALLS ST,-122.38186730007773,37.73056679768839,"(37.73056679768839, -122.38186730007773)",18028626975030
180295583,NON-CRIMINAL,LOST PROPERTY,Wednesday,04/11/2018,00:01,BAYVIEW,NONE,400 Block of RHODEISLAND ST,-122.40257121696409,37.764125907520146,"(37.764125907520146, -122.40257121696409)",18029558371000
180297608,NON-CRIMINAL,LOST PROPERTY,Thursday,04/19/2018,00:01,BAYVIEW,NONE,3RD ST / MCKINNON AV,-122.3901467164399,37.73639080506689,"(37.73639080506689, -122.3901467164399)",18029760871000
180333757,NON-CRIMINAL,SEARCH WARRANT SERVICE,Saturday,05/05/2018,00:01,BAYVIEW,"ARREST, BOOKED",1100 Block of FITZGERALD AV,-122.3904406819475,37.72041707725119,"(37.72041707725119, -122.3904406819475)",18033375775025
186037428,NON-CRIMINAL,LOST PROPERTY,Friday,01/12/2018,00:01,BAYVIEW,NONE,16TH ST / MISSOURI ST,-122.39690078266787,37.76642963894839,"(37.76642963894839, -122.39690078266787)",18603742871000
186045108,NON-CRIMINAL,LOST PROPERTY,Tuesday,01/02/2018,00:01,BAYVIEW,NONE,100 Block of SALINAS AV,-122.39829730795061,37.721079270461594,"(37.721079270461594, -122.39829730795061)",18604510871000
186051246,NON-CRIMINAL,LOST PROPERTY,Tuesday,02/20/2018,00:01,BAYVIEW,NONE,FAIRFAX AV / MENDELL ST,-122.38528437369497,37.74024021795073,"(37.74024021795073, -122.38528437369497)",18605124671000
030000638,NON-CRIMINAL,LOST PROPERTY,Wednesday,01/01/2003,00:01,BAYVIEW,NONE,3RD ST / CARGO WY,-122.387177992928,37.7461569686668,"(37.7461569686668, -122.387177992928)",3000063871000
030059895,NON-CRIMINAL,SHELTER,Wednesday,01/15/2003,00:01,BAYVIEW,NONE,700 Block of KIRKWOOD AV,-122.374019331833,37.729203356539,"(37.729203356539, -122.374019331833)",3005989529120
030337964,NON-CRIMINAL,SHELTER,Saturday,03/22/2003,00:01,BAYVIEW,NONE,0 Block of GEORGE CT,-122.382609703047,37.7309025092294,"(37.7309025092294, -122.382609703047)",3033796429120
030478370,NON-CRIMINAL,LOST PROPERTY,Friday,04/11/2003,00:01,BAYVIEW,DISTRICT ATTORNEY REFUSES TO PROSECUTE,100 Block of ARKANSAS ST,-122.398571724133,37.7643667568873,"(37.7643667568873, -122.398571724133)",3047837071000
030597516,NON-CRIMINAL,COURTESY REPORT,Friday,05/16/2003,00:01,BAYVIEW,NONE,MC KINNON AV / TOLAND ST,-122.40042967586,37.7421972030788,"(37.7421972030788, -122.40042967586)",3059751668030
030737734,NON-CRIMINAL,LOST PROPERTY,Tuesday,06/17/2003,00:01,BAYVIEW,NONE,2400 Block of SAN BRUNO AV,-122.404830420604,37.7307945918953,"(37.7307945918953, -122.404830420604)",3073773471000
030889335,NON-CRIMINAL,"DEATH REPORT, NATURAL CAUSES",Sunday,07/27/2003,00:01,BAYVIEW,NONE,1400 Block of UNDERWOOD AV,-122.389103780329,37.7281629319258,"(37.7281629319258, -122.389103780329)",3088933561040
030897269,NON-CRIMINAL,LOST PROPERTY,Wednesday,07/02/2003,00:01,BAYVIEW,NONE,1300 Block of REVERE AV,-122.385465040129,37.7290691120698,"(37.7290691120698, -122.385465040129)",3089726971000
031113551,NON-CRIMINAL,"DEATH REPORT, CAUSE UNKNOWN",Sunday,09/21/2003,00:01,BAYVIEW,NONE,BAY SHORE BL / SILVER AV,-122.404658361443,37.7329487043512,"(37.7329487043512, -122.404658361443)",3111355161030
031217244,NON-CRIMINAL,SHELTER,Thursday,10/16/2003,00:01,BAYVIEW,CLEARED-CONTACT JUVENILE FOR MORE INFO,1100 Block of CONNECTICUT ST,-122.396528521452,37.7517298311377,"(37.7517298311377, -122.396528521452)",3121724429120
031238109,NON-CRIMINAL,LOST PROPERTY,Thursday,06/12/2003,00:01,BAYVIEW,NONE,100 Block of APOLLO ST,-122.398880904949,37.7308733864897,"(37.7308733864897, -122.398880904949)",3123810971000
031242837,NON-CRIMINAL,LOST PROPERTY,Wednesday,10/08/2003,00:01,BAYVIEW,NONE,3RD ST / PALOU AV,-122.390971734594,37.7340152181037,"(37.7340152181037, -122.390971734594)",3124283771000
031251521,NON-CRIMINAL,FOUND PROPERTY,Wednesday,10/15/2003,00:01,BAYVIEW,NONE,300 Block of ARKANSAS ST,-122.398467509702,37.7618070110114,"(37.7618070110114, -122.398467509702)",3125152172000
031291771,NON-CRIMINAL,LOST PROPERTY,Tuesday,10/21/2003,00:01,BAYVIEW,NONE,1200 Block of MISSISSIPPI ST,-122.393463718795,37.7504879461151,"(37.7504879461151, -122.393463718795)",3129177171000
031495105,NON-CRIMINAL,"AIDED CASE, MENTAL DISTURBED",Friday,12/26/2003,00:01,BAYVIEW,NONE,1200 Block of INGALLS ST,-122.381867300078,37.7305667976884,"(37.7305667976884, -122.381867300078)",3149510564020
040207727,NON-CRIMINAL,IMPOUNDED VEHICLE,Saturday,02/21/2004,00:01,BAYVIEW,NONE,2300 Block of JENNINGS ST,-122.390030876879,37.7254409258752,"(37.7254409258752, -122.390030876879)",4020772707053
040228977,NON-CRIMINAL,LOST PROPERTY,Wednesday,12/10/2003,00:01,BAYVIEW,NONE,800 Block of TERRY A FRANCOIS BL,-122.386775025935,37.765377517215,"(37.765377517215, -122.386775025935)",4022897771000
040306783,NON-CRIMINAL,LOST PROPERTY,Thursday,01/01/2004,00:01,BAYVIEW,NONE,2200 Block of MC KINNON AV,-122.401191952843,37.7427020824439,"(37.7427020824439, -122.401191952843)",4030678371000
040306830,NON-CRIMINAL,LOST PROPERTY,Wednesday,01/01/2003,00:01,BAYVIEW,NONE,2000 Block of MC KINNON AV,-122.397699990974,37.74057569497,"(37.74057569497, -122.397699990974)",4030683071000
040427282,NON-CRIMINAL,LOST PROPERTY,Tuesday,01/20/2004,00:01,BAYVIEW,NONE,3RD ST / 16TH ST,-122.389103032855,37.7669037251961,"(37.7669037251961, -122.389103032855)",4042728271000
040521624,NON-CRIMINAL,LOST PROPERTY,Monday,05/03/2004,00:01,BAYVIEW,NONE,3RD ST / QUESADA AV,-122.391245623062,37.7332252033119,"(37.7332252033119, -122.391245623062)",4052162471000
040536281,NON-CRIMINAL,LOST PROPERTY,Friday,05/07/2004,00:01,BAYVIEW,NONE,100 Block of PRINCETON ST,-122.415759838151,37.727769640394,"(37.727769640394, -122.415759838151)",4053628171000
040709905,NON-CRIMINAL,TURNED IN GUN,Monday,06/21/2004,00:01,BAYVIEW,NONE,700 Block of BURROWS ST,-122.410546150673,37.7272049353526,"(37.7272049353526, -122.410546150673)",4070990573010
040713069,NON-CRIMINAL,LOST PROPERTY,Tuesday,06/22/2004,00:01,BAYVIEW,UNFOUNDED,SILVER AV / HAMILTON ST,-122.411394556968,37.7306091058775,"(37.7306091058775, -122.411394556968)",4071306971000
040736754,NON-CRIMINAL,LOST PROPERTY,Monday,06/28/2004,00:01,BAYVIEW,UNFOUNDED,3RD ST / EVANS AV,-122.387927387652,37.7427030847719,"(37.7427030847719, -122.387927387652)",4073675471000
040753156,NON-CRIMINAL,LOST PROPERTY,Sunday,06/27/2004,00:01,BAYVIEW,NONE,400 Block of MISSOURI ST,-122.396274357968,37.7606549517992,"(37.7606549517992, -122.396274357968)",4075315671000
040806620,NON-CRIMINAL,LOST PROPERTY,Wednesday,06/30/2004,00:01,BAYVIEW,NONE,200 Block of SILLIMAN ST,-122.407596092045,37.7306388568631,"(37.7306388568631, -122.407596092045)",4080662071000
040814300,NON-CRIMINAL,"DEATH REPORT, CAUSE UNKNOWN",Saturday,07/17/2004,00:01,BAYVIEW,NONE,0 Block of BELL CT,-122.384940423588,37.7340051301781,"(37.7340051301781, -122.384940423588)",4081430061030
040820448,NON-CRIMINAL,FOUND PROPERTY,Saturday,07/17/2004,00:01,BAYVIEW,NONE,600 Block of MINNESOTA ST,-122.390565753138,37.7622810879309,"(37.7622810879309, -122.390565753138)",4082044872000
040837233,NON-CRIMINAL,FOUND PROPERTY,Friday,07/23/2004,00:01,BAYVIEW,NONE,200 Block of WILLIAMS AV,-122.397744427103,37.7299346936044,"(37.7299346936044, -122.397744427103)",4083723372000
040880840,NON-CRIMINAL,SHELTER,Monday,08/02/2004,00:01,BAYVIEW,NONE,2700 Block of CESAR CHAVEZ ST,-122.405997639804,37.7490475978139,"(37.7490475978139, -122.405997639804)",4088084029120
040907400,NON-CRIMINAL,LOST PROPERTY,Friday,07/09/2004,00:01,BAYVIEW,NONE,1800 Block of DONNER AV,-122.401057192257,37.728324956088,"(37.728324956088, -122.401057192257)",4090740071000
040966729,NON-CRIMINAL,LOST PROPERTY,Tuesday,08/17/2004,00:01,BAYVIEW,NONE,1900 Block of JERROLD AV,-122.394961504845,37.74185356765,"(37.74185356765, -122.394961504845)",4096672971000
041114583,NON-CRIMINAL,"AIDED CASE, MENTAL DISTURBED",Wednesday,09/29/2004,00:01,BAYVIEW,NONE,2100 Block of 3RD ST,-122.388573559923,37.7624013131662,"(37.7624013131662, -122.388573559923)",4111458364020
041123829,NON-CRIMINAL,LOST PROPERTY,Saturday,04/10/2004,00:01,BAYVIEW,NONE,1600 Block of LA SALLE AV,-122.389326010609,37.7367968411733,"(37.7367968411733, -122.389326010609)",4112382971000
041179593,NON-CRIMINAL,LOST PROPERTY,Tuesday,06/01/2004,00:01,BAYVIEW,NONE,1500 Block of SHAFTER AV,-122.389849114797,37.7304741509374,"(37.7304741509374, -122.389849114797)",4117959371000
041199557,NON-CRIMINAL,LOST PROPERTY,Tuesday,07/20/2004,00:01,BAYVIEW,NONE,500 Block of RHODE ISLAND ST,-122.402453040326,37.7628502343813,"(37.7628502343813, -122.402453040326)",4119955771000
041411185,NON-CRIMINAL,LOST PROPERTY,Friday,12/10/2004,00:01,BAYVIEW,NONE,0 Block of HUDSON CT,-122.379091692307,37.7324208265708,"(37.7324208265708, -122.379091692307)",4141118571000
041451993,NON-CRIMINAL,LOST PROPERTY,Wednesday,12/15/2004,00:01,BAYVIEW,NONE,1100 Block of UNDERWOOD AV,-122.384577350586,37.7252298583662,"(37.7252298583662, -122.384577350586)",4145199371000
050070423,NON-CRIMINAL,LOST PROPERTY,Wednesday,01/19/2005,00:01,BAYVIEW,NONE,3RD ST / EVANS AV,-122.387927387652,37.7427030847719,"(37.7427030847719, -122.387927387652)",5007042371000
050086890,NON-CRIMINAL,LOST PROPERTY,Thursday,12/23/2004,00:01,BAYVIEW,NONE,100 Block of VENUS ST,-122.397847684487,37.7307229072026,"(37.7307229072026, -122.397847684487)",5008689071000
050137114,NON-CRIMINAL,LOST PROPERTY,Tuesday,02/01/2005,00:01,BAYVIEW,NONE,400 Block of PENINSULA AV,-122.399661355772,37.7102173826287,"(37.7102173826287, -122.399661355772)",5013711471000
050172273,NON-CRIMINAL,LOST PROPERTY,Sunday,02/13/2005,00:01,BAYVIEW,NONE,0 Block of SCOTIA AV,-122.401303579052,37.733697890467,"(37.733697890467, -122.401303579052)",5017227371000
050195617,NON-CRIMINAL,"DEATH REPORT, CAUSE UNKNOWN",Saturday,02/19/2005,00:01,BAYVIEW,UNFOUNDED,800 Block of 20TH ST,-122.389980888524,37.7605011466822,"(37.7605011466822, -122.389980888524)",5019561761030
050319447,NON-CRIMINAL,LOST PROPERTY,Sunday,03/20/2005,00:01,BAYVIEW,NONE,WISCONSIN ST / 23RD ST,-122.398695589697,37.7547456011234,"(37.7547456011234, -122.398695589697)",5031944771000
050354211,NON-CRIMINAL,LOST PROPERTY,Wednesday,09/01/2004,00:01,BAYVIEW,NONE,600 Block of ILLINOIS ST,-122.387923622647,37.7637269222785,"(37.7637269222785, -122.387923622647)",5035421171000
050725747,NON-CRIMINAL,COURTESY REPORT,Wednesday,06/29/2005,00:01,BAYVIEW,NONE,THORNTON AV / QUINT ST,-122.402028913605,37.7310243840092,"(37.7310243840092, -122.402028913605)",5072574768030
050894483,NON-CRIMINAL,LOST PROPERTY,Monday,08/08/2005,00:01,BAYVIEW,NONE,WATCHMAN WY / MISSOURI ST,-122.395763362456,37.7556223717953,"(37.7556223717953, -122.395763362456)",5089448371000
050988581,NON-CRIMINAL,"AIDED CASE, MENTAL DISTURBED",Friday,09/02/2005,00:01,BAYVIEW,NONE,0 Block of LATONA ST,-122.392627218053,37.7316182572491,"(37.7316182572491, -122.392627218053)",5098858164020
051197187,NON-CRIMINAL,"AIDED CASE, MENTAL DISTURBED",Sunday,10/23/2005,00:01,BAYVIEW,PSYCHOPATHIC CASE,1600 Block of KIRKWOOD AV,-122.390952930587,37.7386625599684,"(37.7386625599684, -122.390952930587)",5119718764020
051243166,NON-CRIMINAL,LOCATED PROPERTY,Saturday,10/01/2005,00:01,BAYVIEW,NONE,300 Block of WHEELER AV,-122.400043273965,37.7113149133025,"(37.7113149133025, -122.400043273965)",5124316673001
051244813,NON-CRIMINAL,"AIDED CASE, MENTAL DISTURBED",Thursday,11/03/2005,00:01,BAYVIEW,NONE,0 Block of APOLLO ST,-122.397782740798,37.7321151302341,"(37.7321151302341, -122.397782740798)",5124481364020
051281439,NON-CRIMINAL,CASE CLOSURE,Wednesday,06/18/2014,00:01,BAYVIEW,EXCEPTIONAL CLEARANCE,700 Block of JERROLD AV,-122.37337604924,37.7297692117678,"(37.7297692117678, -122.37337604924)",5128143975030
051408495,NON-CRIMINAL,"AIDED CASE, MENTAL DISTURBED",Thursday,12/01/2005,00:01,BAYVIEW,JUVENILE DIVERTED,600 Block of VERMONT ST,-122.404126459271,37.7614652487171,"(37.7614652487171, -122.404126459271)",5140849564020
051421209,NON-CRIMINAL,LOST PROPERTY,Thursday,12/15/2005,00:01,BAYVIEW,NONE,600 Block of LASALLE AV,-122.373068450389,37.7275017069007,"(37.7275017069007, -122.373068450389)",5142120971000
060062272,NON-CRIMINAL,LOST PROPERTY,Saturday,01/14/2006,00:01,BAYVIEW,NONE,2200 Block of JERROLD AV,-122.39950033566,37.7445902964189,"(37.7445902964189, -122.39950033566)",6006227271000
060090455,NON-CRIMINAL,COURTESY REPORT,Wednesday,02/02/2005,00:01,BAYVIEW,NONE,1200 Block of NEWHALL ST,-122.391316749675,37.7365594026335,"(37.7365594026335, -122.391316749675)",6009045568030
060106002,NON-CRIMINAL,LOST PROPERTY,Friday,01/27/2006,00:01,BAYVIEW,NONE,2100 Block of JERROLD AV,-122.399584369354,37.7445029574704,"(37.7445029574704, -122.399584369354)",6010600271000
060130136,NON-CRIMINAL,LOST PROPERTY,Tuesday,11/01/2005,00:01,BAYVIEW,NONE,400 Block of DEHARO ST,-122.401606817674,37.7641840068485,"(37.7641840068485, -122.401606817674)",6013013671000
060152613,NON-CRIMINAL,LOST PROPERTY,Sunday,02/05/2006,00:01,BAYVIEW,NONE,300 Block of BAYVIEW CR,-122.396740069313,37.7341154116602,"(37.7341154116602, -122.396740069313)",6015261371000
060192813,NON-CRIMINAL,LOST PROPERTY,Tuesday,02/14/2006,00:01,BAYVIEW,NOT PROSECUTED,1700 Block of 26TH ST,-122.397388947833,37.7511708451997,"(37.7511708451997, -122.397388947833)",6019281371000
060198162,NON-CRIMINAL,LOST PROPERTY,Monday,08/01/2005,00:01,BAYVIEW,NONE,300 Block of TOLAND ST,-122.398239510066,37.7447493607742,"(37.7447493607742, -122.398239510066)",6019816271000
060388238,NON-CRIMINAL,LOST PROPERTY,Sunday,04/09/2006,00:01,BAYVIEW,NONE,CESAR CHAVEZ ST / CONNECTICUT ST,-122.39627766288,37.7497466924568,"(37.7497466924568, -122.39627766288)",6038823871000
060561365,NON-CRIMINAL,"AIDED CASE, MENTAL DISTURBED",Saturday,05/27/2006,00:01,BAYVIEW,PSYCHOPATHIC CASE,5100 Block of 3RD ST,-122.39180699384,37.7312196259945,"(37.7312196259945, -122.39180699384)",6056136564020
060627967,NON-CRIMINAL,LOST PROPERTY,Sunday,02/05/2006,00:01,BAYVIEW,NONE,0 Block of WATCHMAN WY,-122.395251009931,37.7553443519568,"(37.7553443519568, -122.395251009931)",6062796771000
060855259,NON-CRIMINAL,FOUND PROPERTY,Saturday,08/12/2006,00:01,BAYVIEW,NONE,800 Block of MINNESOTA ST,-122.390262015502,37.7591168554234,"(37.7591168554234, -122.390262015502)",6085525972000
060959691,NON-CRIMINAL,LOST PROPERTY,Thursday,09/07/2006,00:01,BAYVIEW,NONE,0 Block of NORTHRIDGE RD,-122.375512968635,37.730806609582,"(37.730806609582, -122.375512968635)",6095969171000
060971554,NON-CRIMINAL,FOUND PROPERTY,Monday,09/11/2006,00:01,BAYVIEW,NONE,800 Block of MICHIGAN ST,-122.38639760713,37.7593253079339,"(37.7593253079339, -122.38639760713)",6097155472000
060997992,NON-CRIMINAL,LOST PROPERTY,Friday,09/15/2006,00:01,BAYVIEW,NONE,200 Block of BURROWS ST,-122.405617331405,37.7284944661785,"(37.7284944661785, -122.405617331405)",6099799271000
061071753,NON-CRIMINAL,FOUND PROPERTY,Saturday,10/07/2006,00:01,BAYVIEW,NONE,1900 Block of JENNINGS ST,-122.387779251837,37.7279423069627,"(37.7279423069627, -122.387779251837)",6107175372000
061200968,NON-CRIMINAL,LOST PROPERTY,Tuesday,09/26/2006,00:01,BAYVIEW,NONE,400 Block of BURROWS ST,-122.407544978737,37.7278745037778,"(37.7278745037778, -122.407544978737)",6120096871000
061242631,NON-CRIMINAL,LOST PROPERTY,Friday,12/02/2005,00:01,BAYVIEW,NONE,1700 Block of MCKINNON AV,-122.392004361988,37.7374889451827,"(37.7374889451827, -122.392004361988)",6124263171000
061260774,NON-CRIMINAL,LOST PROPERTY,Monday,11/20/2006,00:01,BAYVIEW,NONE,0 Block of BRIDGEVIEW DR,-122.394537691058,37.7346923893626,"(37.7346923893626, -122.394537691058)",6126077471000
070037594,NON-CRIMINAL,LOST PROPERTY,Tuesday,01/09/2007,00:01,BAYVIEW,NONE,700 Block of PENNSYLVANIA AV,-122.393071223295,37.7563570227741,"(37.7563570227741, -122.393071223295)",7003759471000
070335887,NON-CRIMINAL,LOST PROPERTY,Sunday,04/01/2007,00:01,BAYVIEW,UNFOUNDED,SUNNYDALE AV / BAY SHORE BL,-122.405109485404,37.7088563076781,"(37.7088563076781, -122.405109485404)",7033588771000
070378150,NON-CRIMINAL,PROPERTY FOR IDENTIFICATION,Friday,04/13/2007,00:01,BAYVIEW,UNFOUNDED,CONKLING ST / SILVER AV,-122.401808957191,37.734728042827,"(37.734728042827, -122.401808957191)",7037815073000
070439570,NON-CRIMINAL,FIRE REPORT,Sunday,04/29/2007,00:01,BAYVIEW,NONE,1200 Block of PALOU AV,-122.384417093311,37.7302296010761,"(37.7302296010761, -122.384417093311)",7043957068000
070516491,NON-CRIMINAL,LOST PROPERTY,Sunday,05/20/2007,00:01,BAYVIEW,NONE,SILVER AV / SAN BRUNO AV,-122.405610268222,37.732438864982,"(37.732438864982, -122.405610268222)",7051649171000
070550831,NON-CRIMINAL,LOST PROPERTY,Friday,04/20/2007,00:01,BAYVIEW,NONE,1500 Block of INDIANA ST,-122.390566006127,37.7507377457056,"(37.7507377457056, -122.390566006127)",7055083171000
070803828,NON-CRIMINAL,PROPERTY FOR IDENTIFICATION,Sunday,04/30/2006,00:01,BAYVIEW,UNFOUNDED,700 Block of FITCH ST,-122.372571530798,37.7323029378338,"(37.7323029378338, -122.372571530798)",7080382873000
070827204,NON-CRIMINAL,"AIDED CASE, MENTAL DISTURBED",Wednesday,08/15/2007,00:01,BAYVIEW,NONE,0 Block of DOUBLEROCK ST,-122.387775002515,37.7204658651293,"(37.7204658651293, -122.387775002515)",7082720464020
070839873,NON-CRIMINAL,FOUND PROPERTY,Friday,08/03/2007,00:01,BAYVIEW,UNFOUNDED,0 Block of SANTAFE AV,-122.400850244004,37.7340839384311,"(37.7340839384311, -122.400850244004)",7083987372000
071049273,NON-CRIMINAL,"AIDED CASE, MENTAL DISTURBED",Saturday,10/13/2007,00:01,BAYVIEW,NONE,3RD ST / EVANS AV,-122.387927387609,37.7427030847405,"(37.7427030847405, -122.387927387609)",7104927364020
071289178,NON-CRIMINAL,LOST PROPERTY,Saturday,12/01/2007,00:01,BAYVIEW,NONE,1100 Block of HOLLISTER AV,-122.393411735551,37.7202363012033,"(37.7202363012033, -122.393411735551)",7128917871000
076022337,NON-CRIMINAL,LOST PROPERTY,Friday,03/23/2007,00:01,BAYVIEW,NONE,400 Block of STOCKTON ST,-122.407114491118,37.7899019822508,"(37.7899019822508, -122.407114491118)",7602233771000
076056643,NON-CRIMINAL,LOST PROPERTY,Saturday,08/04/2007,00:01,BAYVIEW,NONE,600 Block of INDIANA ST,-122.39172714593,37.762851481453,"(37.762851481453, -122.39172714593)",7605664371000
080007195,NON-CRIMINAL,LOST PROPERTY,Saturday,08/18/2007,00:01,BAYVIEW,NONE,1500 Block of INDIANA ST,-122.390566006127,37.7507377457056,"(37.7507377457056, -122.390566006127)",8000719571000
080056233,NON-CRIMINAL,"DEATH REPORT, CAUSE UNKNOWN",Sunday,01/13/2008,00:01,BAYVIEW,NONE,1500 Block of LASALLE AV,-122.387994549073,37.7359790207517,"(37.7359790207517, -122.387994549073)",8005623361030
080072132,NON-CRIMINAL,LOST PROPERTY,Monday,01/21/2008,00:01,BAYVIEW,UNFOUNDED,1700 Block of TAYLOR ST,-122.413907435756,37.7984225086732,"(37.7984225086732, -122.413907435756)",8007213271000
080259584,NON-CRIMINAL,LOST PROPERTY,Friday,07/01/2005,00:01,BAYVIEW,NONE,2000 Block of BANCROFT AV,-122.401264905935,37.7303323096369,"(37.7303323096369, -122.401264905935)",8025958471000
080339142,NON-CRIMINAL,LOST PROPERTY,Saturday,03/22/2008,00:01,BAYVIEW,NONE,2800 Block of OAKDALE AV,-122.404607518895,37.7426239570241,"(37.7426239570241, -122.404607518895)",8033914271000
080430762,NON-CRIMINAL,"DEATH REPORT, CAUSE UNKNOWN",Friday,04/25/2008,00:01,BAYVIEW,NONE,0 Block of CAMERON WY,-122.387247607197,37.7208692407802,"(37.7208692407802, -122.387247607197)",8043076261030
080725676,NON-CRIMINAL,TURNED IN GUN,Sunday,01/01/2006,00:01,BAYVIEW,UNFOUNDED,1500 Block of JERROLD AV,-122.388476334633,37.7382013082318,"(37.7382013082318, -122.388476334633)",8072567673010
080754578,NON-CRIMINAL,COURTESY REPORT,Thursday,04/03/2008,00:01,BAYVIEW,NONE,1700 Block of MCKINNON AV,-122.392004361988,37.7374889451827,"(37.7374889451827, -122.392004361988)",8075457868030
080777677,NON-CRIMINAL,COURTESY REPORT,Tuesday,07/15/2008,00:01,BAYVIEW,NONE,600 Block of GILMAN AV,-122.383440897994,37.7156328950599,"(37.7156328950599, -122.383440897994)",8077767768030
080920622,NON-CRIMINAL,"DEATH REPORT, CAUSE UNKNOWN",Sunday,08/31/2008,00:01,BAYVIEW,NONE,1200 Block of FITZGERALD AV,-122.392297310725,37.721470819713,"(37.721470819713, -122.392297310725)",8092062261030
081102059,NON-CRIMINAL,LOST PROPERTY,Sunday,07/06/2008,00:01,BAYVIEW,NONE,2100 Block of THOMAS AV,-122.400566752394,37.7357401187053,"(37.7357401187053, -122.400566752394)",8110205971000
081113545,NON-CRIMINAL,TURNED IN GUN,Tuesday,11/25/2008,00:01,BAYVIEW,UNFOUNDED,200 Block of WILLIAMS AV,-122.397744427103,37.7299346936044,"(37.7299346936044, -122.397744427103)",8111354573010
081121695,NON-CRIMINAL,LOST PROPERTY,Friday,10/17/2008,00:01,BAYVIEW,NONE,25TH ST / PENNSYLVANIA AV,-122.39264034869,37.7525438354787,"(37.7525438354787, -122.39264034869)",8112169571000
081384661,NON-CRIMINAL,"DEATH REPORT, CAUSE UNKNOWN",Tuesday,12/30/2008,00:01,BAYVIEW,NONE,1600 Block of SHAFTER AV,-122.39123221352,37.7313908777775,"(37.7313908777775, -122.39123221352)",8138466161030
086081317,NON-CRIMINAL,LOST PROPERTY,Tuesday,10/07/2008,00:01,BAYVIEW,NONE,4600 Block of 3RD ST,-122.390412132668,37.7360102192532,"(37.7360102192532, -122.390412132668)",8608131771000
086088589,NON-CRIMINAL,LOST PROPERTY,Sunday,12/07/2008,00:01,BAYVIEW,NONE,SAN BRUNO AV / PAUL AV,-122.402109488937,37.7240376461441,"(37.7240376461441, -122.402109488937)",8608858971000
090060989,NON-CRIMINAL,LOST PROPERTY,Wednesday,12/17/2008,00:01,BAYVIEW,NONE,600 Block of LASALLE AV,-122.373068450389,37.7275017069007,"(37.7275017069007, -122.373068450389)",9006098971000
090075530,NON-CRIMINAL,LOST PROPERTY,Friday,12/05/2008,00:01,BAYVIEW,NONE,2400 Block of CESAR CHAVEZ ST,-122.399679574042,37.7494852273741,"(37.7494852273741, -122.399679574042)",9007553071000
090172437,NON-CRIMINAL,"DEATH REPORT, CAUSE UNKNOWN",Tuesday,02/17/2009,00:01,BAYVIEW,NONE,0 Block of SANTAFE AV,-122.400850244004,37.7340839384311,"(37.7340839384311, -122.400850244004)",9017243761030
090178861,NON-CRIMINAL,SHELTER,Tuesday,07/01/2008,00:01,BAYVIEW,NONE,0 Block of NORTHRIDGE RD,-122.375512968635,37.730806609582,"(37.730806609582, -122.375512968635)",9017886129120
090182624,NON-CRIMINAL,"DEATH REPORT, CAUSE UNKNOWN",Friday,02/13/2009,00:01,BAYVIEW,NONE,600 Block of TEXAS ST,-122.395164170538,37.7592223045204,"(37.7592223045204, -122.395164170538)",9018262461030
090249105,NON-CRIMINAL,LOST PROPERTY,Monday,12/22/2008,00:01,BAYVIEW,NONE,900 Block of CONNECTICUT ST,-122.397089183868,37.7535987880327,"(37.7535987880327, -122.397089183868)",9024910571000
090276813,NON-CRIMINAL,LOST PROPERTY,Monday,03/09/2009,00:01,BAYVIEW,NONE,1000 Block of CONNECTICUT ST,-122.397201937993,37.7535351242762,"(37.7535351242762, -122.397201937993)",9027681371000
090301385,NON-CRIMINAL,LOST PROPERTY,Friday,12/19/2008,00:01,BAYVIEW,NONE,700 Block of KIRKWOOD AV,-122.374019331833,37.729203356539,"(37.729203356539, -122.374019331833)",9030138571000
090303808,NON-CRIMINAL,FOUND PROPERTY,Friday,03/20/2009,00:01,BAYVIEW,NONE,PHELPS ST / OAKDALE AV,-122.394095034837,37.7367311967078,"(37.7367311967078, -122.394095034837)",9030380872000
090305199,NON-CRIMINAL,LOST PROPERTY,Sunday,03/15/2009,00:01,BAYVIEW,NONE,1500 Block of SHAFTER AV,-122.389849114797,37.7304741509374,"(37.7304741509374, -122.389849114797)",9030519971000
090375095,NON-CRIMINAL,LOST PROPERTY,Tuesday,01/27/2009,00:01,BAYVIEW,NONE,0 Block of GIRARD ST,-122.406396021387,37.7315408577887,"(37.7315408577887, -122.406396021387)",9037509571000
090415447,NON-CRIMINAL,LOST PROPERTY,Sunday,09/25/2005,00:01,BAYVIEW,NONE,1400 Block of OAKDALE AV,-122.387608678524,37.7329658746995,"(37.7329658746995, -122.387608678524)",9041544771000
090477328,NON-CRIMINAL,LOST PROPERTY,Wednesday,05/06/2009,00:01,BAYVIEW,NONE,0 Block of REDDY ST,-122.395285364874,37.7303641478199,"(37.7303641478199, -122.395285364874)",9047732871000
090479675,NON-CRIMINAL,LOST PROPERTY,Saturday,08/02/2008,00:01,BAYVIEW,NONE,0 Block of DWIGHT ST,-122.402595073284,37.7238506445853,"(37.7238506445853, -122.402595073284)",9047967571000
090563513,NON-CRIMINAL,LOST PROPERTY,Wednesday,10/15/2008,00:01,BAYVIEW,NONE,900 Block of RHODEISLAND ST,-122.401962334001,37.757745327175,"(37.757745327175, -122.401962334001)",9056351371000
090842856,NON-CRIMINAL,COURTESY REPORT,Wednesday,10/10/2007,00:01,BAYVIEW,UNFOUNDED,500 Block of PENNSYLVANIA AV,-122.393173541117,37.758918365891,"(37.758918365891, -122.393173541117)",9084285668030
091063764,NON-CRIMINAL,LOST PROPERTY,Thursday,10/08/2009,00:01,BAYVIEW,NONE,200 Block of WILLIAMS AV,-122.397744427103,37.7299346936044,"(37.7299346936044, -122.397744427103)",9106376471000
091076660,NON-CRIMINAL,"AIDED CASE, MENTAL DISTURBED",Sunday,10/18/2009,00:01,BAYVIEW,NONE,4600 Block of 3RD ST,-122.390412132668,37.7360102192532,"(37.7360102192532, -122.390412132668)",9107666064020
091125875,NON-CRIMINAL,LOST PROPERTY,Sunday,11/01/2009,00:01,BAYVIEW,NONE,3RD ST / MARIPOSA ST,-122.388854011336,37.7643228810013,"(37.7643228810013, -122.388854011336)",9112587571000
091166158,NON-CRIMINAL,LOST PROPERTY,Sunday,08/02/2009,00:01,BAYVIEW,NONE,1900 Block of 25TH ST,-122.397486915671,37.752197092814,"(37.752197092814, -122.397486915671)",9116615871000
091168994,NON-CRIMINAL,FOUND PROPERTY,Friday,11/13/2009,00:01,BAYVIEW,NONE,200 Block of WILLIAMS AV,-122.397744427103,37.7299346936044,"(37.7299346936044, -122.397744427103)",9116899472000
091169005,NON-CRIMINAL,FOUND PROPERTY,Friday,11/13/2009,00:01,BAYVIEW,NONE,200 Block of WILLIAMS AV,-122.397744427103,37.7299346936044,"(37.7299346936044, -122.397744427103)",9116900572000
091169011,NON-CRIMINAL,FOUND PROPERTY,Friday,11/13/2009,00:01,BAYVIEW,NONE,200 Block of WILLIAMS AV,-122.397744427103,37.7299346936044,"(37.7299346936044, -122.397744427103)",9116901172000
091169027,NON-CRIMINAL,FOUND PROPERTY,Friday,11/13/2009,00:01,BAYVIEW,NONE,200 Block of WILLIAMS AV,-122.397744427103,37.7299346936044,"(37.7299346936044, -122.397744427103)",9116902772000
091169033,NON-CRIMINAL,FOUND PROPERTY,Friday,11/13/2009,00:01,BAYVIEW,NONE,200 Block of WILLIAMS AV,-122.397744427103,37.7299346936044,"(37.7299346936044, -122.397744427103)",9116903372000
091241540,NON-CRIMINAL,LOST PROPERTY,Monday,11/30/2009,00:01,BAYVIEW,NONE,3RD ST / EVANS AV,-122.387927387609,37.7427030847405,"(37.7427030847405, -122.387927387609)",9124154071000
091316507,NON-CRIMINAL,FIRE REPORT,Monday,12/28/2009,00:01,BAYVIEW,NONE,1700 Block of LASALLE AV,-122.391515160928,37.7380376770177,"(37.7380376770177, -122.391515160928)",9131650768000
