100468384,NON-CRIMINAL,LOST PROPERTY,Tuesday,05/18/2010,14:00,PARK,NONE,1300 Block of PIERCE ST,-122.435976420716,37.7823978123969,"(37.7823978123969, -122.435976420716)",10046838471000
100531414,NON-CRIMINAL,LOST PROPERTY,Friday,05/21/2010,14:00,PARK,NONE,2100 Block of FULTON ST,-122.450555872513,37.7753351819421,"(37.7753351819421, -122.450555872513)",10053141471000
100608057,NON-CRIMINAL,"AIDED CASE, MENTAL DISTURBED",Friday,07/02/2010,14:00,PARK,PSYCHOPATHIC CASE,200 Block of DIVISADERO ST,-122.436835270374,37.7708213653549,"(37.7708213653549, -122.436835270374)",10060805764020
100709439,NON-CRIMINAL,LOST PROPERTY,Tuesday,08/03/2010,14:00,PARK,NONE,WALLER ST / STANYAN ST,-122.453354647469,37.7682463076665,"(37.7682463076665, -122.453354647469)",10070943971000
100778995,NON-CRIMINAL,"AIDED CASE, MENTAL DISTURBED",Tuesday,08/24/2010,14:00,PARK,NONE,1600 Block of GOLDEN GATE AV,-122.437306922591,37.7789392907473,"(37.7789392907473, -122.437306922591)",10077899564020
100821061,NON-CRIMINAL,"AIDED CASE, DOG BITE",Sunday,09/05/2010,14:00,PARK,NONE,1000 Block of SCOTT ST,-122.436863236818,37.7791795085094,"(37.7791795085094, -122.436863236818)",10082106164010
100884520,NON-CRIMINAL,LOST PROPERTY,Monday,09/20/2010,14:00,PARK,NONE,100 Block of JOHNFKENNEDY DR,-122.457507583541,37.7711332354432,"(37.7711332354432, -122.457507583541)",10088452071000
100975919,NON-CRIMINAL,FOUND PROPERTY,Wednesday,10/20/2010,14:00,PARK,NONE,800 Block of CLAYTON ST,-122.447850161714,37.766548172887,"(37.766548172887, -122.447850161714)",10097591972000
106026655,NON-CRIMINAL,LOST PROPERTY,Saturday,02/20/2010,14:00,PARK,NONE,1900 Block of GROVE ST,-122.4487241991,37.7746158743767,"(37.7746158743767, -122.4487241991)",10602665571000
106053686,NON-CRIMINAL,LOST PROPERTY,Tuesday,05/04/2010,14:00,PARK,NONE,SCOTT ST / FULTON ST,-122.436507619977,37.7770672269836,"(37.7770672269836, -122.436507619977)",10605368671000
106057763,NON-CRIMINAL,LOST PROPERTY,Sunday,05/16/2010,14:00,PARK,NONE,FELL ST / MASONIC AV,-122.445904271169,37.7729953727174,"(37.7729953727174, -122.445904271169)",10605776371000
110107083,NON-CRIMINAL,LOST PROPERTY,Friday,01/28/2011,14:00,PARK,NONE,300 Block of LAGUNAHONDA BL,-122.458680189782,37.7481554692332,"(37.7481554692332, -122.458680189782)",11010708371000
110164572,NON-CRIMINAL,LOST PROPERTY,Thursday,02/24/2011,14:00,PARK,NONE,1600 Block of HAIGHT ST,-122.449944521424,37.7695680602698,"(37.7695680602698, -122.449944521424)",11016457271000
110280623,NON-CRIMINAL,LOST PROPERTY,Thursday,03/31/2011,14:00,PARK,NONE,2100 Block of GEARY BL,-122.43861644522,37.7833516158109,"(37.7833516158109, -122.43861644522)",11028062371000
110298256,NON-CRIMINAL,LOST PROPERTY,Monday,04/11/2011,14:00,PARK,NONE,1300 Block of PAGE ST,-122.443038939327,37.7715167486479,"(37.7715167486479, -122.443038939327)",11029825671000
110362566,NON-CRIMINAL,FOUND PROPERTY,Wednesday,05/04/2011,14:00,PARK,NONE,100 Block of NOE ST,-122.4334390759,37.7670576552688,"(37.7670576552688, -122.4334390759)",11036256672000
110372957,NON-CRIMINAL,"CIVIL SIDEWALKS, CITATION",Sunday,05/08/2011,14:00,PARK,"ARREST, CITED",1100 Block of MASONIC AV,-122.445506610652,37.7706583273482,"(37.7706583273482, -122.445506610652)",11037295764002
110402372,NON-CRIMINAL,LOST PROPERTY,Sunday,05/15/2011,14:00,PARK,NONE,MASONIC AV / FELL ST,-122.445904271169,37.7729953727174,"(37.7729953727174, -122.445904271169)",11040237271000
110523796,NON-CRIMINAL,"AIDED CASE, MENTAL DISTURBED",Wednesday,06/29/2011,14:00,PARK,PSYCHOPATHIC CASE,500 Block of BURNETT AV,-122.444466911886,37.7521965740179,"(37.7521965740179, -122.444466911886)",11052379664020
110526386,NON-CRIMINAL,FOUND PROPERTY,Thursday,06/30/2011,14:00,PARK,NONE,7TH AV / LAWTON ST,-122.463783615777,37.7585356172569,"(37.7585356172569, -122.463783615777)",11052638672000
110561382,NON-CRIMINAL,LOST PROPERTY,Tuesday,05/31/2011,14:00,PARK,NONE,HAIGHT ST / ASHBURY ST,-122.446933310975,37.7700061988358,"(37.7700061988358, -122.446933310975)",11056138271000
110564251,NON-CRIMINAL,"CIVIL SIDEWALKS, CITATION",Thursday,07/14/2011,14:00,PARK,"ARREST, CITED",1100 Block of MASONIC AV,-122.445506610652,37.7706583273482,"(37.7706583273482, -122.445506610652)",11056425164002
110609653,NON-CRIMINAL,LOST PROPERTY,Friday,07/29/2011,14:00,PARK,NONE,17TH ST / MARKET ST,-122.435187699349,37.7626702770872,"(37.7626702770872, -122.435187699349)",11060965371000
110712870,NON-CRIMINAL,LOST PROPERTY,Sunday,09/04/2011,14:00,PARK,NONE,1700 Block of HAIGHT ST,-122.450492384367,37.7696094511519,"(37.7696094511519, -122.450492384367)",11071287071000
110868069,NON-CRIMINAL,CASE CLOSURE,Thursday,10/27/2011,14:00,PARK,PROSECUTED BY OUTSIDE AGENCY,1800 Block of TURK ST,-122.439572887489,37.779492849361,"(37.779492849361, -122.439572887489)",11086806975030
110957054,NON-CRIMINAL,CASE CLOSURE,Monday,11/28/2011,14:00,PARK,LOCATED,0 Block of SHRADER ST,-122.452839772389,37.7745145380854,"(37.7745145380854, -122.452839772389)",11095705475030
116123310,NON-CRIMINAL,LOST PROPERTY,Saturday,08/27/2011,14:00,PARK,NONE,BUENAVISTAEAST AV / BUENAVISTAWEST AV,-122.442577187547,37.7659274504416,"(37.7659274504416, -122.442577187547)",11612331071000
120083746,NON-CRIMINAL,"AIDED CASE, MENTAL DISTURBED",Monday,01/30/2012,14:00,PARK,PSYCHOPATHIC CASE,800 Block of BUENAVISTAWEST AV,-122.442597549743,37.7693116425317,"(37.7693116425317, -122.442597549743)",12008374664020
120199133,NON-CRIMINAL,FOUND PROPERTY,Saturday,03/10/2012,14:00,PARK,NONE,GOLDEN GATE AV / DIVISADERO ST,-122.438554633199,37.77872294332,"(37.77872294332, -122.438554633199)",12019913372000
120319290,NON-CRIMINAL,FOUND PROPERTY,Sunday,04/22/2012,14:00,PARK,NONE,DUBOCE AV / NOE ST,-122.433575097282,37.7691767476277,"(37.7691767476277, -122.433575097282)",12031929072000
120335296,NON-CRIMINAL,LOST PROPERTY,Monday,04/23/2012,14:00,PARK,NONE,300 Block of LAGUNAHONDA BL,-122.458680189782,37.7481554692332,"(37.7481554692332, -122.458680189782)",12033529671000
120350783,NON-CRIMINAL,FOUND PROPERTY,Tuesday,05/01/2012,14:00,PARK,NONE,TWINPEAKS BL / PANORAMA DR,-122.449445374446,37.7466596250717,"(37.7466596250717, -122.449445374446)",12035078372000
120465423,NON-CRIMINAL,TURNED IN GUN,Wednesday,06/13/2012,14:00,PARK,NONE,2100 Block of FULTON ST,-122.450555872513,37.7753351819421,"(37.7753351819421, -122.450555872513)",12046542373010
120539034,NON-CRIMINAL,LOST PROPERTY,Saturday,07/07/2012,14:00,PARK,NONE,7TH AV / LINCOLN WY,-122.464299701157,37.7660152007973,"(37.7660152007973, -122.464299701157)",12053903471000
120607722,NON-CRIMINAL,AIDED CASE,Wednesday,08/01/2012,14:00,PARK,NONE,700 Block of CLAYTON ST,-122.448129494514,37.7679265590444,"(37.7679265590444, -122.448129494514)",12060772251040
120660253,NON-CRIMINAL,"DEATH REPORT, NATURAL CAUSES",Sunday,08/19/2012,14:00,PARK,NONE,1500 Block of WALLER ST,-122.448932869845,37.7688509935378,"(37.7688509935378, -122.448932869845)",12066025361040
120709986,NON-CRIMINAL,CASE CLOSURE,Saturday,09/01/2012,14:00,PARK,COMPLAINANT REFUSES TO PROSECUTE,700 Block of BURNETT AV,-122.445470487829,37.7506825120195,"(37.7506825120195, -122.445470487829)",12070998675030
120806297,NON-CRIMINAL,"AIDED CASE, MENTAL DISTURBED",Sunday,10/07/2012,14:00,PARK,PSYCHOPATHIC CASE,400 Block of STANYAN ST,-122.454403066889,37.7738178294781,"(37.7738178294781, -122.454403066889)",12080629764020
120857795,NON-CRIMINAL,FOUND PROPERTY,Wednesday,10/24/2012,14:00,PARK,NONE,300 Block of CORBETT AV,-122.445115134028,37.7600200370638,"(37.7600200370638, -122.445115134028)",12085779572000
120883433,NON-CRIMINAL,AIDED CASE -PROPERTY FOR DESTRUCTION,Thursday,11/01/2012,14:00,PARK,NONE,300 Block of PARNASSUS AV,-122.454996890694,37.7641615127899,"(37.7641615127899, -122.454996890694)",12088343351041
120943770,NON-CRIMINAL,"CIVIL SIDEWALKS, WARNING",Wednesday,11/21/2012,14:00,PARK,NONE,1600 Block of HAIGHT ST,-122.450452600564,37.7695032629887,"(37.7695032629887, -122.450452600564)",12094377064001
126068728,NON-CRIMINAL,LOST PROPERTY,Sunday,05/20/2012,14:00,PARK,NONE,FELL ST / MASONIC AV,-122.445904271169,37.7729953727174,"(37.7729953727174, -122.445904271169)",12606872871000
130065950,NON-CRIMINAL,AIDED CASE,Sunday,01/20/2013,14:00,PARK,NONE,1800 Block of WALLER ST,-122.454330105396,37.7681530111159,"(37.7681530111159, -122.454330105396)",13006595051040
130127679,NON-CRIMINAL,FOUND PROPERTY,Wednesday,02/13/2013,14:00,PARK,NONE,600 Block of WALLER ST,-122.434805116785,37.7706513154046,"(37.7706513154046, -122.434805116785)",13012767972000
130239086,NON-CRIMINAL,FOUND PROPERTY,Friday,03/22/2013,14:00,PARK,NONE,MASONIC AV / WALLER ST,-122.445108026534,37.7692836722818,"(37.7692836722818, -122.445108026534)",13023908672000
130250468,NON-CRIMINAL,LOST PROPERTY,Tuesday,03/26/2013,14:00,PARK,NONE,HAIGHT ST / COLE ST,-122.450709919144,37.7695262270693,"(37.7695262270693, -122.450709919144)",13025046871000
130285051,NON-CRIMINAL,LOST PROPERTY,Sunday,04/07/2013,14:00,PARK,NONE,HAIGHT ST / ASHBURY ST,-122.446933310975,37.7700061988358,"(37.7700061988358, -122.446933310975)",13028505171000
130323407,NON-CRIMINAL,FOUND PROPERTY,Saturday,04/20/2013,14:00,PARK,NONE,FELL ST / CLAYTON ST,-122.449142861775,37.7725792727241,"(37.7725792727241, -122.449142861775)",13032340772000
130337931,NON-CRIMINAL,LOST PROPERTY,Tuesday,04/23/2013,14:00,PARK,NONE,700 Block of STANYAN ST,-122.45319019834,37.7677850586334,"(37.7677850586334, -122.45319019834)",13033793171000
130416466,NON-CRIMINAL,FOUND PROPERTY,Sunday,05/19/2013,14:00,PARK,NONE,FELL ST / CENTRAL AV,-122.444217653151,37.7732099933428,"(37.7732099933428, -122.444217653151)",13041646672000
130439452,NON-CRIMINAL,"CIVIL SIDEWALKS, CITATION",Tuesday,05/28/2013,14:00,PARK,NONE,1500 Block of HAIGHT ST,-122.447783070559,37.7699549503465,"(37.7699549503465, -122.447783070559)",13043945264002
130439537,NON-CRIMINAL,"AIDED CASE, MENTAL DISTURBED",Tuesday,05/28/2013,14:00,PARK,PSYCHOPATHIC CASE,1700 Block of MCALLISTER ST,-122.440879521853,37.7775321935218,"(37.7775321935218, -122.440879521853)",13043953764020
130546819,NON-CRIMINAL,AIDED CASE -PROPERTY FOR DESTRUCTION,Wednesday,07/03/2013,14:00,PARK,NONE,400 Block of ASHBURY ST,-122.447284070258,37.7713884833081,"(37.7713884833081, -122.447284070258)",13054681951041
130570341,NON-CRIMINAL,LOST PROPERTY,Tuesday,07/09/2013,14:00,PARK,NONE,1700 Block of GOLDEN GATE AV,-122.439409757927,37.7786699744197,"(37.7786699744197, -122.439409757927)",13057034171000
130793747,NON-CRIMINAL,"DEATH REPORT, CAUSE UNKNOWN",Thursday,09/19/2013,14:00,PARK,NONE,400 Block of DELLBROOK AV,-122.454022967345,37.7539420081718,"(37.7539420081718, -122.454022967345)",13079374761030
130861479,NON-CRIMINAL,FOUND PROPERTY,Friday,10/11/2013,14:00,PARK,NONE,100 Block of MASONIC AV,-122.44731296591,37.780619295768,"(37.780619295768, -122.44731296591)",13086147972000
130887083,NON-CRIMINAL,LOST PROPERTY,Saturday,10/19/2013,14:00,PARK,NONE,200 Block of JOHNFKENNEDY DR,-122.460621022754,37.771598359867,"(37.771598359867, -122.460621022754)",13088708371000
130977383,NON-CRIMINAL,"CIVIL SIDEWALKS, CITATION",Monday,11/18/2013,14:00,PARK,"ARREST, CITED",500 Block of COLE ST,-122.450242113384,37.7700540212914,"(37.7700540212914, -122.450242113384)",13097738364002
131036118,NON-CRIMINAL,LOST PROPERTY,Saturday,12/07/2013,14:00,PARK,NONE,1700 Block of HAIGHT ST,-122.450492384367,37.7696094511519,"(37.7696094511519, -122.450492384367)",13103611871000
136068699,NON-CRIMINAL,LOST PROPERTY,Tuesday,04/02/2013,14:00,PARK,NONE,PARNASSUS AV / 3RD AV,-122.459792476018,37.7629257457581,"(37.7629257457581, -122.459792476018)",13606869971000
136089219,NON-CRIMINAL,LOST PROPERTY,Sunday,05/19/2013,14:00,PARK,NONE,FELL ST / COLE ST,-122.450788014434,37.7723680142894,"(37.7723680142894, -122.450788014434)",13608921971000
136130000,NON-CRIMINAL,LOST PROPERTY,Wednesday,07/17/2013,14:00,PARK,NONE,1300 Block of FELL ST,-122.440103994605,37.7736849604306,"(37.7736849604306, -122.440103994605)",13613000071000
136149437,NON-CRIMINAL,LOST PROPERTY,Tuesday,05/31/2011,14:00,PARK,NONE,HAIGHT ST / SHRADER ST,-122.451864552636,37.7693505381781,"(37.7693505381781, -122.451864552636)",13614943771000
136156567,NON-CRIMINAL,LOST PROPERTY,Thursday,08/29/2013,14:00,PARK,NONE,500 Block of PARNASSUS AV,-122.458220811697,37.7633123961354,"(37.7633123961354, -122.458220811697)",13615656771000
136200471,NON-CRIMINAL,LOST PROPERTY,Saturday,10/26/2013,14:00,PARK,NONE,GEARY BL / MASONIC AV,-122.448043124454,37.7823710354886,"(37.7823710354886, -122.448043124454)",13620047171000
140018789,NON-CRIMINAL,"STAY AWAY OR COURT ORDER, NON-DV RELATED",Tuesday,01/07/2014,14:00,PARK,"ARREST, BOOKED",700 Block of STANYAN ST,-122.453512911126,37.7686969786551,"(37.7686969786551, -122.453512911126)",14001878971024
140121138,NON-CRIMINAL,"AIDED CASE, MENTAL DISTURBED",Saturday,02/09/2013,14:00,PARK,LOCATED,0 Block of SHRADER ST,-122.452839772389,37.7745145380854,"(37.7745145380854, -122.452839772389)",14012113864020
140130098,NON-CRIMINAL,"CIVIL SIDEWALKS, WARNING",Thursday,02/13/2014,14:00,PARK,NONE,1400 Block of HAIGHT ST,-122.446165617978,37.7701611813393,"(37.7701611813393, -122.446165617978)",14013009864001
140214517,NON-CRIMINAL,AIDED CASE -PROPERTY FOR DESTRUCTION,Thursday,03/13/2014,14:00,PARK,NONE,1200 Block of HAIGHT ST,-122.442678874433,37.7706061352855,"(37.7706061352855, -122.442678874433)",14021451751041
140415759,NON-CRIMINAL,LOST PROPERTY,Sunday,05/18/2014,14:00,PARK,NONE,FELL ST / CLAYTON ST,-122.449142861775,37.7725792727241,"(37.7725792727241, -122.449142861775)",14041575971000
140434094,NON-CRIMINAL,FOUND PROPERTY,Saturday,05/17/2014,14:00,PARK,NONE,1900 Block of ELLIS ST,-122.437883187217,37.7816153997097,"(37.7816153997097, -122.437883187217)",14043409472000
140465679,NON-CRIMINAL,AIDED CASE,Wednesday,06/04/2014,14:00,PARK,NONE,1300 Block of WILLARD ST,-122.454240538704,37.7647718142949,"(37.7647718142949, -122.454240538704)",14046567951040
140508752,NON-CRIMINAL,"AIDED CASE, SICK PERSON",Thursday,06/19/2014,14:00,PARK,PSYCHOPATHIC CASE,1600 Block of HAIGHT ST,-122.450452600564,37.7695032629887,"(37.7695032629887, -122.450452600564)",14050875264030
140549728,NON-CRIMINAL,AIDED CASE -PROPERTY FOR DESTRUCTION,Wednesday,07/02/2014,14:00,PARK,NONE,100 Block of TERRAVISTA AV,-122.443775265293,37.7814382340583,"(37.7814382340583, -122.443775265293)",14054972851041
140602887,NON-CRIMINAL,CASE CLOSURE,Saturday,07/19/2014,14:00,PARK,LOCATED,0 Block of SHRADER ST,-122.452839772389,37.7745145380854,"(37.7745145380854, -122.452839772389)",14060288775030
140608910,NON-CRIMINAL,FOUND PROPERTY,Tuesday,07/22/2014,14:00,PARK,NONE,700 Block of CLAYTON ST,-122.448129494514,37.7679265590444,"(37.7679265590444, -122.448129494514)",14060891072000
140632840,NON-CRIMINAL,AIDED CASE -PROPERTY FOR DESTRUCTION,Wednesday,07/30/2014,14:00,PARK,NONE,1700 Block of FELL ST,-122.446726162102,37.77294518675,"(37.77294518675, -122.446726162102)",14063284051041
140646625,NON-CRIMINAL,LOST PROPERTY,Sunday,07/27/2014,14:00,PARK,NONE,100 Block of JOHNFKENNEDY DR,-122.457507583541,37.7711332354432,"(37.7711332354432, -122.457507583541)",14064662571000
140647407,NON-CRIMINAL,"CIVIL SIDEWALKS, WARNING",Monday,08/04/2014,14:00,PARK,NONE,HAIGHT ST / STANYAN ST,-122.45353456066,37.7691662978052,"(37.7691662978052, -122.45353456066)",14064740764001
140647429,NON-CRIMINAL,"CIVIL SIDEWALKS, WARNING",Monday,08/04/2014,14:00,PARK,NONE,HAIGHT ST / STANYAN ST,-122.45353456066,37.7691662978052,"(37.7691662978052, -122.45353456066)",14064742964001
140808596,NON-CRIMINAL,LOST PROPERTY,Wednesday,09/24/2014,14:00,PARK,NONE,STANYAN ST / HAIGHT ST,-122.45353456066,37.7691662978052,"(37.7691662978052, -122.45353456066)",14080859671000
140894119,NON-CRIMINAL,AIDED CASE -PROPERTY FOR DESTRUCTION,Wednesday,10/22/2014,14:00,PARK,NONE,300 Block of ROOSEVELT WY,-122.441608936829,37.7652287767481,"(37.7652287767481, -122.441608936829)",14089411951041
140965538,NON-CRIMINAL,"LICENSE PLATE, FOUND",Friday,11/14/2014,14:00,PARK,NONE,SCOTT ST / ELLIS ST,-122.43744938411,37.781727018928,"(37.781727018928, -122.43744938411)",14096553871011
140974874,NON-CRIMINAL,FOUND PROPERTY,Sunday,11/16/2014,14:00,PARK,NONE,1500 Block of HAIGHT ST,-122.447783070559,37.7699549503465,"(37.7699549503465, -122.447783070559)",14097487472000
146094076,NON-CRIMINAL,LOST PROPERTY,Sunday,05/18/2014,14:00,PARK,NONE,FELL ST / ASHBURY ST,-122.447497699759,37.7727905081944,"(37.7727905081944, -122.447497699759)",14609407671000
146178658,NON-CRIMINAL,LOST PROPERTY,Monday,08/18/2014,14:00,PARK,NONE,2000 Block of FULTON ST,-122.450537364142,37.7752262707149,"(37.7752262707149, -122.450537364142)",14617865871000
146245229,NON-CRIMINAL,LOST PROPERTY,Thursday,11/20/2014,14:00,PARK,NONE,PARNASSUS AV / HILLWAY AV,-122.456670565139,37.7638126844254,"(37.7638126844254, -122.456670565139)",14624522971000
150007459,NON-CRIMINAL,FOUND PROPERTY,Saturday,01/03/2015,14:00,PARK,NONE,STANYAN ST / HAIGHT ST,-122.45353456066,37.7691662978052,"(37.7691662978052, -122.45353456066)",15000745972000
150057363,NON-CRIMINAL,"AIDED CASE, INJURED PERSON",Monday,01/19/2015,14:00,PARK,NONE,300 Block of BAKER ST,-122.44108623557,37.7741016205702,"(37.7741016205702, -122.44108623557)",15005736364015
150101051,NON-CRIMINAL,"DEATH REPORT, CAUSE UNKNOWN",Monday,02/02/2015,14:00,PARK,NONE,300 Block of BUENAVISTAEAST AV,-122.440720545257,37.7667916111324,"(37.7667916111324, -122.440720545257)",15010105161030
150276052,NON-CRIMINAL,AIDED CASE -PROPERTY FOR DESTRUCTION,Saturday,03/28/2015,14:00,PARK,NONE,700 Block of HAIGHT ST,-122.434580561451,37.7716361114909,"(37.7716361114909, -122.434580561451)",15027605251041
150280520,NON-CRIMINAL,AIDED CASE -PROPERTY FOR DESTRUCTION,Monday,03/30/2015,14:00,PARK,NONE,1900 Block of FELL ST,-122.44999176585,37.7725254861887,"(37.7725254861887, -122.44999176585)",15028052051041
150333709,NON-CRIMINAL,CASE CLOSURE,Thursday,04/16/2015,14:00,PARK,NONE,1400 Block of GROVE ST,-122.440483106998,37.7755529016833,"(37.7755529016833, -122.440483106998)",15033370975030
150431682,NON-CRIMINAL,LOST PROPERTY,Sunday,05/17/2015,14:00,PARK,NONE,FELL ST / MASONIC AV,-122.445904271169,37.7729953727174,"(37.7729953727174, -122.445904271169)",15043168271000
150500419,NON-CRIMINAL,FOUND PROPERTY,Sunday,06/07/2015,14:00,PARK,NONE,HAIGHT ST / BUENAVISTAEAST AV,-122.440359655894,37.7708480203633,"(37.7708480203633, -122.440359655894)",15050041972000
150500641,NON-CRIMINAL,AIDED CASE -PROPERTY FOR DESTRUCTION,Monday,06/08/2015,14:00,PARK,NONE,2100 Block of HAYES ST,-122.451825556742,37.7732631190824,"(37.7732631190824, -122.451825556742)",15050064151041
150506097,NON-CRIMINAL,LOST PROPERTY,Tuesday,06/09/2015,14:00,PARK,NONE,500 Block of PARNASSUS AV,-122.458220811697,37.7633123961354,"(37.7633123961354, -122.458220811697)",15050609771000
150551531,NON-CRIMINAL,"DEATH REPORT, CAUSE UNKNOWN",Wednesday,06/17/2015,14:00,PARK,NONE,0 Block of FARVIEW CT,-122.450987968093,37.7548306360785,"(37.7548306360785, -122.450987968093)",15055153161030
150620675,NON-CRIMINAL,FOUND PROPERTY,Thursday,07/16/2015,14:00,PARK,NONE,IRVING ST / 2ND AV,-122.458816601708,37.7643648855485,"(37.7643648855485, -122.458816601708)",15062067572000
150794979,NON-CRIMINAL,CASE CLOSURE,Thursday,09/10/2015,14:00,PARK,NONE,2200 Block of HAYES ST,-122.453481345535,37.7730528713382,"(37.7730528713382, -122.453481345535)",15079497975030
150844035,NON-CRIMINAL,AIDED CASE,Friday,09/25/2015,14:00,PARK,UNFOUNDED,1300 Block of PIERCE ST,-122.435976420716,37.7823978123969,"(37.7823978123969, -122.435976420716)",15084403551040
150860348,NON-CRIMINAL,FOUND PROPERTY,Thursday,10/01/2015,14:00,PARK,NONE,1500 Block of HAIGHT ST,-122.447783070559,37.7699549503465,"(37.7699549503465, -122.447783070559)",15086034872000
150917375,NON-CRIMINAL,"CIVIL SIDEWALKS, WARNING",Tuesday,10/20/2015,14:00,PARK,NONE,COLE ST / HAIGHT ST,-122.450709919144,37.7695262270693,"(37.7695262270693, -122.450709919144)",15091737564001
150945990,NON-CRIMINAL,"LICENSE PLATE, RECOVERED",Thursday,10/29/2015,14:00,PARK,NONE,15TH ST / NOE ST,-122.433256948064,37.7658609302161,"(37.7658609302161, -122.433256948064)",15094599071012
151022197,NON-CRIMINAL,LOST PROPERTY,Friday,11/20/2015,14:00,PARK,NONE,2400 Block of GEARY BL,-122.443597047511,37.7826435280939,"(37.7826435280939, -122.443597047511)",15102219771000
151026644,NON-CRIMINAL,LOST PROPERTY,Wednesday,11/25/2015,14:00,PARK,NONE,2200 Block of HAYES ST,-122.453459484241,37.7729443972451,"(37.7729443972451, -122.453459484241)",15102664471000
156031228,NON-CRIMINAL,LOST PROPERTY,Sunday,02/08/2015,14:00,PARK,NONE,400 Block of SCOTT ST,-122.435916040579,37.7738113941065,"(37.7738113941065, -122.435916040579)",15603122871000
156072727,NON-CRIMINAL,LOST PROPERTY,Thursday,03/19/2015,14:00,PARK,NONE,1800 Block of PAGE ST,-122.451236373142,37.7703598019817,"(37.7703598019817, -122.451236373142)",15607272771000
156145534,NON-CRIMINAL,LOST PROPERTY,Thursday,06/18/2015,14:00,PARK,NONE,500 Block of TWINPEAKS BL,-122.446757209575,37.7531845175462,"(37.7531845175462, -122.446757209575)",15614553471000
156184366,NON-CRIMINAL,LOST PROPERTY,Wednesday,07/01/2015,14:00,PARK,NONE,LINCOLN WY / KEZAR DR,-122.460021651243,37.7662347513146,"(37.7662347513146, -122.460021651243)",15618436671000
156191424,NON-CRIMINAL,LOST PROPERTY,Tuesday,08/04/2015,14:00,PARK,NONE,0 Block of LYON ST,-122.442024511319,37.7711131027562,"(37.7711131027562, -122.442024511319)",15619142471000
156297107,NON-CRIMINAL,LOST PROPERTY,Monday,12/07/2015,14:00,PARK,NONE,3600 Block of 16TH ST,-122.434221184718,37.7642237070482,"(37.7642237070482, -122.434221184718)",15629710771000
156313189,NON-CRIMINAL,LOST PROPERTY,Thursday,12/24/2015,14:00,PARK,NONE,MASONIC AV / FULTON ST,-122.446472679005,37.7758015943912,"(37.7758015943912, -122.446472679005)",15631318971000
160029619,NON-CRIMINAL,LOST PROPERTY,Thursday,11/12/2015,14:00,PARK,NONE,STANYAN ST / HAIGHT ST,-122.45353456066,37.7691662978052,"(37.7691662978052, -122.45353456066)",16002961971000
160095535,NON-CRIMINAL,FOUND PROPERTY,Sunday,01/31/2016,14:00,PARK,NONE,1800 Block of WALLER ST,-122.45433010539584,37.76815301111592,"(37.76815301111592, -122.45433010539584)",16009553572000
160122138,NON-CRIMINAL,AIDED CASE -PROPERTY FOR DESTRUCTION,Wednesday,02/10/2016,14:00,PARK,NONE,900 Block of CORBETT AV,-122.44383593942186,37.75112536710137,"(37.75112536710137, -122.44383593942186)",16012213851041
160135539,NON-CRIMINAL,CASE CLOSURE,Sunday,02/14/2016,14:00,PARK,NONE,0 Block of SHRADER ST,-122.45283977238887,37.77451453808543,"(37.77451453808543, -122.45283977238887)",16013553975030
160197131,NON-CRIMINAL,LOST PROPERTY,Saturday,03/05/2016,14:00,PARK,NONE,MCALLISTER ST / PIERCE ST,-122.43505276445464,37.778211861244884,"(37.778211861244884, -122.43505276445464)",16019713171000
160309762,NON-CRIMINAL,LOST PROPERTY,Tuesday,12/15/2015,14:00,PARK,NONE,4800 Block of 17TH ST,-122.449858914715,37.7615490284458,"(37.7615490284458, -122.449858914715)",16030976271000
160341924,NON-CRIMINAL,FOUND PROPERTY,Tuesday,04/26/2016,14:00,PARK,NONE,900 Block of BAKER ST,-122.44194174326759,37.7808258934959,"(37.7808258934959, -122.44194174326759)",16034192472000
160421366,NON-CRIMINAL,FOUND PROPERTY,Monday,05/23/2016,14:00,PARK,NONE,1000 Block of 14TH ST,-122.43607664974068,37.76724462805141,"(37.76724462805141, -122.43607664974068)",16042136672000
160458751,NON-CRIMINAL,FOUND PROPERTY,Sunday,06/05/2016,14:00,PARK,NONE,700 Block of STANYAN ST,-122.45351291112611,37.76869697865512,"(37.76869697865512, -122.45351291112611)",16045875172000
160481611,NON-CRIMINAL,CASE CLOSURE,Monday,06/13/2016,14:00,PARK,UNFOUNDED,400 Block of DIVISADERO ST,-122.43740305140186,37.773620893928864,"(37.773620893928864, -122.43740305140186)",16048161175030
160503237,NON-CRIMINAL,FOUND PROPERTY,Tuesday,06/21/2016,14:00,PARK,NONE,CLAYTON ST / HAIGHT ST,-122.44857848496642,37.76979771688307,"(37.76979771688307, -122.44857848496642)",16050323772000
160534953,NON-CRIMINAL,AIDED CASE,Friday,07/01/2016,14:00,PARK,NONE,1300 Block of COLE ST,-122.44927474700354,37.76206667034262,"(37.76206667034262, -122.44927474700354)",16053495351040
160549190,NON-CRIMINAL,FOUND PROPERTY,Monday,07/04/2016,14:00,PARK,NONE,1400 Block of HAYES ST,-122.440315119729,37.77472506502107,"(37.77472506502107, -122.440315119729)",16054919072000
160902162,NON-CRIMINAL,LOST PROPERTY,Saturday,11/05/2016,14:00,PARK,NONE,HAIGHT ST / CLAYTON ST,-122.44857848496642,37.76979771688307,"(37.76979771688307, -122.44857848496642)",16090216271000
166018921,NON-CRIMINAL,LOST PROPERTY,Thursday,01/21/2016,14:00,PARK,NONE,FELL ST / LYON ST,-122.44256561671256,37.773424019841954,"(37.773424019841954, -122.44256561671256)",16601892171000
166179686,NON-CRIMINAL,LOST PROPERTY,Thursday,07/28/2016,14:00,PARK,NONE,400 Block of PARNASSUS AV,-122.4582208116973,37.76331239613537,"(37.76331239613537, -122.4582208116973)",16617968671000
166181556,NON-CRIMINAL,LOST PROPERTY,Sunday,08/07/2016,14:00,PARK,NONE,HAIGHT ST / CLAYTON ST,-122.44857848496642,37.76979771688307,"(37.76979771688307, -122.44857848496642)",16618155671000
166209205,NON-CRIMINAL,LOST PROPERTY,Wednesday,09/07/2016,14:00,PARK,NONE,2600 Block of GEARY BL,-122.44661297883863,37.782245822391744,"(37.782245822391744, -122.44661297883863)",16620920571000
166251488,NON-CRIMINAL,LOST PROPERTY,Thursday,11/03/2016,14:00,PARK,NONE,HAIGHT ST / MASONIC AV,-122.44534678659976,37.770208195917206,"(37.770208195917206, -122.44534678659976)",16625148871000
170102114,NON-CRIMINAL,AIDED CASE -PROPERTY FOR DESTRUCTION,Sunday,02/05/2017,14:00,PARK,UNFOUNDED,1300 Block of 4TH AV,-122.46096831501916,37.7634309624266,"(37.7634309624266, -122.46096831501916)",17010211451041
170102528,NON-CRIMINAL,SEARCH WARRANT SERVICE,Sunday,02/05/2017,14:00,PARK,NONE,1800 Block of WALLER ST,-122.45433010539584,37.76815301111592,"(37.76815301111592, -122.45433010539584)",17010252875025
170132456,NON-CRIMINAL,IMPOUNDED VEHICLE,Wednesday,02/15/2017,14:00,PARK,NONE,LYON ST / HAIGHT ST,-122.44199787717884,37.770636998397435,"(37.770636998397435, -122.44199787717884)",17013245607053
170251197,NON-CRIMINAL,LOST PROPERTY,Sunday,03/26/2017,14:00,PARK,NONE,HAIGHT ST / SHRADER ST,-122.45186455263611,37.76935053817808,"(37.76935053817808, -122.45186455263611)",17025119771000
170253983,NON-CRIMINAL,FOUND PROPERTY,Monday,03/27/2017,14:00,PARK,NONE,200 Block of CHRISTOPHER DR,-122.45760038726299,37.755005122054385,"(37.755005122054385, -122.45760038726299)",17025398372000
170547178,NON-CRIMINAL,FOUND PROPERTY,Wednesday,07/05/2017,14:00,PARK,NONE,1700 Block of PAGE ST,-122.4495923344194,37.77056885873866,"(37.77056885873866, -122.4495923344194)",17054717872000
170742663,NON-CRIMINAL,FOUND PROPERTY,Monday,09/11/2017,14:00,PARK,NONE,100 Block of DELMAR ST,-122.4454144536325,37.76633970275972,"(37.76633970275972, -122.4454144536325)",17074266372000
170769281,NON-CRIMINAL,FOUND PROPERTY,Tuesday,09/19/2017,14:00,PARK,UNFOUNDED,1500 Block of HAIGHT ST,-122.44778307055877,37.76995495034647,"(37.76995495034647, -122.44778307055877)",17076928172000
170972757,NON-CRIMINAL,FOUND PROPERTY,Thursday,11/30/2017,14:00,PARK,NONE,PIERCE ST / FELL ST,-122.43429441363116,37.77447475485967,"(37.77447475485967, -122.43429441363116)",17097275772000
170991939,NON-CRIMINAL,FOUND PROPERTY,Thursday,12/07/2017,14:00,PARK,NONE,GEARY BL / SCOTT ST,-122.4378508825576,37.78371743338027,"(37.78371743338027, -122.4378508825576)",17099193972000
176247712,NON-CRIMINAL,LOST PROPERTY,Sunday,09/24/2017,14:00,PARK,NONE,300 Block of LAGUNAHONDA BL,-122.4589512886534,37.74810925943388,"(37.74810925943388, -122.4589512886534)",17624771271000
180026128,NON-CRIMINAL,"CIVIL SIDEWALKS, WARNING",Wednesday,01/10/2018,14:00,PARK,NONE,HAIGHT ST / SHRADER ST,-122.45186455263611,37.76935053817808,"(37.76935053817808, -122.45186455263611)",18002612864001
186033874,NON-CRIMINAL,LOST PROPERTY,Saturday,01/20/2018,14:00,PARK,NONE,2600 Block of GEARY BL,-122.44661297883863,37.782245822391744,"(37.782245822391744, -122.44661297883863)",18603387471000
030229725,NON-CRIMINAL,LOST PROPERTY,Monday,02/24/2003,14:00,PARK,NONE,HAIGHT ST / STANYAN ST,-122.453534560634,37.7691662978103,"(37.7691662978103, -122.453534560634)",3022972571000
030273368,NON-CRIMINAL,"DEATH REPORT, CAUSE UNKNOWN",Thursday,03/06/2003,14:00,PARK,NONE,400 Block of HUGO ST,-122.462638069686,37.7650827055931,"(37.7650827055931, -122.462638069686)",3027336861030
030323286,NON-CRIMINAL,FOUND PROPERTY,Tuesday,03/18/2003,14:00,PARK,NONE,WALLER ST / STANYAN ST,-122.453354647442,37.7682463076716,"(37.7682463076716, -122.453354647442)",3032328672000
030590560,NON-CRIMINAL,LOST PROPERTY,Monday,05/12/2003,14:00,PARK,NONE,COLE ST / PARNASSUS AV,-122.449770936662,37.7648664738186,"(37.7648664738186, -122.449770936662)",3059056071000
030590560,NON-CRIMINAL,FOUND PROPERTY,Monday,05/12/2003,14:00,PARK,NONE,COLE ST / PARNASSUS AV,-122.449770936662,37.7648664738186,"(37.7648664738186, -122.449770936662)",3059056072000
030665806,NON-CRIMINAL,LOST PROPERTY,Sunday,06/01/2003,14:00,PARK,NONE,HAIGHT ST / SHRADER ST,-122.451864552609,37.7693505381832,"(37.7693505381832, -122.451864552609)",3066580671000
030751148,NON-CRIMINAL,LOST PROPERTY,Thursday,06/19/2003,14:00,PARK,NONE,2200 Block of OFARRELL ST,-122.441324830173,37.7822914617391,"(37.7822914617391, -122.441324830173)",3075114871000
030762117,NON-CRIMINAL,LOST PROPERTY,Monday,06/23/2003,14:00,PARK,NONE,2100 Block of 15TH ST,-122.432176146546,37.7659822789999,"(37.7659822789999, -122.432176146546)",3076211771000
030821713,NON-CRIMINAL,LOST PROPERTY,Monday,06/30/2003,14:00,PARK,NONE,2000 Block of MCALLISTER ST,-122.445818523199,37.7767933511444,"(37.7767933511444, -122.445818523199)",3082171371000
031036533,NON-CRIMINAL,LOST PROPERTY,Wednesday,08/27/2003,14:00,PARK,NONE,1700 Block of MCALLISTER ST,-122.440857271375,37.7774237689287,"(37.7774237689287, -122.440857271375)",3103653371000
031114816,NON-CRIMINAL,FOUND PROPERTY,Sunday,09/21/2003,14:00,PARK,NONE,1500 Block of OAK ST,-122.444875788649,37.7721315461618,"(37.7721315461618, -122.444875788649)",3111481672000
031179638,NON-CRIMINAL,LOST PROPERTY,Monday,10/06/2003,14:00,PARK,NONE,1800 Block of HAIGHT ST,-122.452706340322,37.7692156705894,"(37.7692156705894, -122.452706340322)",3117963871000
031362792,NON-CRIMINAL,LOST PROPERTY,Tuesday,11/18/2003,14:00,PARK,NONE,700 Block of STANYAN ST,-122.453376250788,37.7687142722405,"(37.7687142722405, -122.453376250788)",3136279271000
031378335,NON-CRIMINAL,TARASOFF REPORT,Monday,11/24/2003,14:00,PARK,NONE,2200 Block of HAYES ST,-122.453481345535,37.7730528713382,"(37.7730528713382, -122.453481345535)",3137833515095
040072865,NON-CRIMINAL,LOST PROPERTY,Thursday,01/15/2004,14:00,PARK,NONE,STANYAN ST / PARNASSUS AV,-122.45257126677,37.7645097135798,"(37.7645097135798, -122.45257126677)",4007286571000
040115283,NON-CRIMINAL,LOST PROPERTY,Monday,01/26/2004,14:00,PARK,NONE,0 Block of VEGA ST,-122.445893581212,37.7801242878056,"(37.7801242878056, -122.445893581212)",4011528371000
040169177,NON-CRIMINAL,AIDED CASE,Wednesday,02/11/2004,14:00,PARK,NONE,800 Block of PAGE ST,-122.434747874831,37.7724629059347,"(37.7724629059347, -122.434747874831)",4016917751040
040229254,NON-CRIMINAL,FOUND PROPERTY,Thursday,02/26/2004,14:00,PARK,NONE,WILLARD ST / PARNASSUS AV,-122.454216519925,37.7643093899855,"(37.7643093899855, -122.454216519925)",4022925472000
040313465,NON-CRIMINAL,FOUND PROPERTY,Saturday,03/13/2004,14:00,PARK,NOT PROSECUTED,0 Block of DOWNEY ST,-122.447444624339,37.7680138285105,"(37.7680138285105, -122.447444624339)",4031346572000
040447246,NON-CRIMINAL,LOST PROPERTY,Saturday,04/17/2004,14:00,PARK,NONE,16TH ST / CASTRO ST,-122.435318423301,37.7641020287229,"(37.7641020287229, -122.435318423301)",4044724671000
040529509,NON-CRIMINAL,LOST PROPERTY,Friday,05/07/2004,14:00,PARK,NONE,2400 Block of GEARY BL,-122.443597047511,37.7826435280939,"(37.7826435280939, -122.443597047511)",4052950971000
040599239,NON-CRIMINAL,LOST PROPERTY,Friday,05/21/2004,14:00,PARK,NONE,GEARY BL / MASONIC AV,-122.448043124426,37.7823710354663,"(37.7823710354663, -122.448043124426)",4059923971000
040665896,NON-CRIMINAL,LOST PROPERTY,Thursday,06/10/2004,14:00,PARK,NONE,2400 Block of GEARY BL,-122.443597047511,37.7826435280939,"(37.7826435280939, -122.443597047511)",4066589671000
040676451,NON-CRIMINAL,FOUND PROPERTY,Sunday,06/13/2004,14:00,PARK,NONE,COLE ST / PAGE ST,-122.450410661645,37.7705173294362,"(37.7705173294362, -122.450410661645)",4067645172000
040757788,NON-CRIMINAL,FOUND PROPERTY,Saturday,07/03/2004,14:00,PARK,NONE,DIVISADERO ST / PAGE ST,-122.437235589814,37.772204193977,"(37.772204193977, -122.437235589814)",4075778872000
040809339,NON-CRIMINAL,FOUND PROPERTY,Friday,07/16/2004,14:00,PARK,NONE,1400 Block of HAIGHT ST,-122.446165617978,37.7701611813393,"(37.7701611813393, -122.446165617978)",4080933972000
040898332,NON-CRIMINAL,LOST PROPERTY,Friday,08/06/2004,14:00,PARK,NONE,COLE ST / WALLER ST,-122.450522761722,37.7685926184319,"(37.7685926184319, -122.450522761722)",4089833271000
040987963,NON-CRIMINAL,AIDED CASE,Sunday,08/29/2004,14:00,PARK,PSYCHOPATHIC CASE,900 Block of 14TH ST,-122.434532213457,37.7673387270118,"(37.7673387270118, -122.434532213457)",4098796351040
040987963,NON-CRIMINAL,"AIDED CASE, MENTAL DISTURBED",Sunday,08/29/2004,14:00,PARK,PSYCHOPATHIC CASE,900 Block of 14TH ST,-122.434532213457,37.7673387270118,"(37.7673387270118, -122.434532213457)",4098796364020
041006009,NON-CRIMINAL,LOST PROPERTY,Thursday,09/02/2004,14:00,PARK,NONE,1300 Block of FELL ST,-122.440103994605,37.7736849604306,"(37.7736849604306, -122.440103994605)",4100600971000
041102801,NON-CRIMINAL,LOST PROPERTY,Saturday,09/25/2004,14:00,PARK,NONE,17TH ST / COLLINGWOOD ST,-120.5,90,"(90, -120.5)",4110280171000
041144057,NON-CRIMINAL,LOST PROPERTY,Saturday,09/25/2004,14:00,PARK,NONE,400 Block of SHRADER ST,-122.452078398816,37.7707712487721,"(37.7707712487721, -122.452078398816)",4114405771000
041193703,NON-CRIMINAL,"DEATH REPORT, CAUSE UNKNOWN",Saturday,10/16/2004,14:00,PARK,UNFOUNDED,0 Block of BAKER ST,-122.44052208356,37.7713134916056,"(37.7713134916056, -122.44052208356)",4119370361030
041341582,NON-CRIMINAL,LOST PROPERTY,Tuesday,11/23/2004,14:00,PARK,NONE,1800 Block of HAIGHT ST,-122.452706340322,37.7692156705894,"(37.7692156705894, -122.452706340322)",4134158271000
041385176,NON-CRIMINAL,LOST PROPERTY,Friday,12/03/2004,14:00,PARK,NONE,HAIGHT ST / COLE ST,-122.450709919118,37.7695262270744,"(37.7695262270744, -122.450709919118)",4138517671000
050070984,NON-CRIMINAL,LOST PROPERTY,Sunday,01/16/2005,14:00,PARK,NONE,7TH AV / LINCOLN WY,-122.46429970113,37.7660152008024,"(37.7660152008024, -122.46429970113)",5007098471000
050087490,NON-CRIMINAL,"DEATH REPORT, CAUSE UNKNOWN",Friday,01/21/2005,14:00,PARK,NONE,1600 Block of GROVE ST,-122.443795899939,37.7752430361844,"(37.7752430361844, -122.443795899939)",5008749061030
050205272,NON-CRIMINAL,LOST PROPERTY,Wednesday,02/09/2005,14:00,PARK,"ARREST, BOOKED",400 Block of STANYAN ST,-122.454403066889,37.7738178294781,"(37.7738178294781, -122.454403066889)",5020527271000
050344886,NON-CRIMINAL,LOST PROPERTY,Monday,03/28/2005,14:00,PARK,NONE,700 Block of PARNASSUS AV,-122.461402730712,37.7625450354677,"(37.7625450354677, -122.461402730712)",5034488671000
050483014,NON-CRIMINAL,PROPERTY FOR IDENTIFICATION,Sunday,05/01/2005,14:00,PARK,UNFOUNDED,0 Block of WOODLAND AV,-122.453379778211,37.7633504720408,"(37.7633504720408, -122.453379778211)",5048301473000
050495893,NON-CRIMINAL,TARASOFF REPORT,Tuesday,05/03/2005,14:00,PARK,NONE,1400 Block of 7TH AV,-122.464044777804,37.7613161836641,"(37.7613161836641, -122.464044777804)",5049589315095
050502313,NON-CRIMINAL,LOST PROPERTY,Thursday,05/05/2005,14:00,PARK,NONE,CASTRO ST / MARKET ST,-122.435187699322,37.7626702770923,"(37.7626702770923, -122.435187699322)",5050231371000
050516364,NON-CRIMINAL,LOST PROPERTY,Friday,05/06/2005,14:00,PARK,NONE,2200 Block of GEARY BL,-122.440341074545,37.7833242481047,"(37.7833242481047, -122.440341074545)",5051636471000
050552738,NON-CRIMINAL,LOST PROPERTY,Saturday,05/14/2005,14:00,PARK,NONE,1000 Block of FULTON ST,-122.434046062672,37.777329275022,"(37.777329275022, -122.434046062672)",5055273871000
050576603,NON-CRIMINAL,FOUND PROPERTY,Monday,05/23/2005,14:00,PARK,NONE,1400 Block of GROVE ST,-122.440504989739,37.7756613738742,"(37.7756613738742, -122.440504989739)",5057660372000
050667945,NON-CRIMINAL,LOST PROPERTY,Friday,06/10/2005,14:00,PARK,NONE,GEARY BL / PRESIDIO AV,-122.445820722256,37.7824873966953,"(37.7824873966953, -122.445820722256)",5066794571000
050704616,NON-CRIMINAL,LOST PROPERTY,Thursday,06/23/2005,14:00,PARK,NONE,500 Block of STANYAN ST,-122.454115904102,37.7724217906355,"(37.7724217906355, -122.454115904102)",5070461671000
050941454,NON-CRIMINAL,LOST PROPERTY,Wednesday,08/17/2005,14:00,PARK,NONE,2200 Block of GEARY BL,-122.440341074545,37.7833242481047,"(37.7833242481047, -122.440341074545)",5094145471000
050987282,NON-CRIMINAL,TRAFFIC ACCIDENT,Thursday,09/01/2005,14:00,PARK,NONE,300 Block of LAGUNAHONDA BL,-122.458680189782,37.7481554692332,"(37.7481554692332, -122.458680189782)",5098728268050
051022766,NON-CRIMINAL,"DEATH REPORT, CAUSE UNKNOWN",Friday,09/09/2005,14:00,PARK,NONE,200 Block of WOODSIDE AV,-122.454239907613,37.7459562953856,"(37.7459562953856, -122.454239907613)",5102276661030
051122059,NON-CRIMINAL,LOST PROPERTY,Monday,10/10/2005,14:00,PARK,NONE,2100 Block of FULTON ST,-122.450555872513,37.7753351819421,"(37.7753351819421, -122.450555872513)",5112205971000
051202708,NON-CRIMINAL,LOST PROPERTY,Sunday,10/23/2005,14:00,PARK,NONE,CLAYTON ST / 17TH ST,-122.446783496602,37.7617815973923,"(37.7617815973923, -122.446783496602)",5120270871000
051329261,NON-CRIMINAL,LOST PROPERTY,Saturday,11/19/2005,14:00,PARK,NONE,500 Block of PARNASSUS AV,-122.458267329165,37.7634158564883,"(37.7634158564883, -122.458267329165)",5132926171000
060191780,NON-CRIMINAL,FOUND PROPERTY,Sunday,02/19/2006,14:00,PARK,NONE,SCOTT ST / OFARRELL ST,-122.437636410273,37.782660646138,"(37.782660646138, -122.437636410273)",6019178072000
060373477,NON-CRIMINAL,PROPERTY FOR IDENTIFICATION,Friday,04/07/2006,14:00,PARK,NONE,300 Block of LAGUNAHONDA BL,-122.458680189782,37.7481554692332,"(37.7481554692332, -122.458680189782)",6037347773000
060576609,NON-CRIMINAL,LOST PROPERTY,Friday,05/26/2006,14:00,PARK,NONE,0 Block of CARL ST,-122.448900460062,37.7658792859724,"(37.7658792859724, -122.448900460062)",6057660971000
060595455,NON-CRIMINAL,FOUND PROPERTY,Sunday,06/04/2006,14:00,PARK,NONE,HAIGHT ST / DIVISADERO ST,-122.437048523435,37.7712678186367,"(37.7712678186367, -122.437048523435)",6059545572000
060635318,NON-CRIMINAL,FOUND PROPERTY,Thursday,06/15/2006,14:00,PARK,UNFOUNDED,DIVISADERO ST / ELLIS ST,-122.439115673087,37.7815210740947,"(37.7815210740947, -122.439115673087)",6063531872000
060670160,NON-CRIMINAL,FOUND PROPERTY,Wednesday,06/21/2006,14:00,PARK,UNFOUNDED,FREDERICK ST / ARGUELLO BL,-122.457790849275,37.7660136124527,"(37.7660136124527, -122.457790849275)",6067016072000
060994766,NON-CRIMINAL,FOUND PROPERTY,Sunday,09/17/2006,14:00,PARK,UNFOUNDED,FELL ST / MASONIC AV,-122.445904271169,37.7729953727174,"(37.7729953727174, -122.445904271169)",6099476672000
061090424,NON-CRIMINAL,"AIDED CASE, MENTAL DISTURBED",Wednesday,10/11/2006,14:00,PARK,PSYCHOPATHIC CASE,0 Block of TERRAVISTA AV,-122.442579836039,37.7815533135193,"(37.7815533135193, -122.442579836039)",6109042464020
066038037,NON-CRIMINAL,LOST PROPERTY,Monday,05/01/2006,14:00,PARK,NONE,2400 Block of FULTON ST,-122.457337524606,37.7744861396627,"(37.7744861396627, -122.457337524606)",6603803771000
070200246,NON-CRIMINAL,"AIDED CASE, MENTAL DISTURBED",Saturday,02/24/2007,14:00,PARK,PSYCHOPATHIC CASE,0 Block of BEULAH ST,-122.450910971518,37.7675357295038,"(37.7675357295038, -122.450910971518)",7020024664020
070288725,NON-CRIMINAL,LOST PROPERTY,Friday,03/16/2007,14:00,PARK,NONE,HAIGHT ST / DIVISADERO ST,-122.437048523435,37.7712678186367,"(37.7712678186367, -122.437048523435)",7028872571000
070377936,NON-CRIMINAL,LOST PROPERTY,Saturday,04/14/2007,14:00,PARK,NONE,0 Block of CASTRO ST,-122.435637436721,37.7681694346175,"(37.7681694346175, -122.435637436721)",7037793671000
070381307,NON-CRIMINAL,LOST PROPERTY,Friday,04/13/2007,14:00,PARK,NONE,GEARY BL / DIVISADERO ST,-122.439480772242,37.7833088100846,"(37.7833088100846, -122.439480772242)",7038130771000
070387935,NON-CRIMINAL,LOST PROPERTY,Sunday,04/15/2007,14:00,PARK,NONE,CARL ST / COLE ST,-122.449958075249,37.7658000842584,"(37.7658000842584, -122.449958075249)",7038793571000
070582511,NON-CRIMINAL,LOST PROPERTY,Tuesday,06/05/2007,14:00,PARK,NONE,2200 Block of GEARY BL,-122.440341074545,37.7833242481047,"(37.7833242481047, -122.440341074545)",7058251171000
070750207,NON-CRIMINAL,LOST PROPERTY,Tuesday,05/01/2007,14:00,PARK,NONE,MASONIC AV / GEARY BL,-122.448043124454,37.7823710354886,"(37.7823710354886, -122.448043124454)",7075020771000
070759958,NON-CRIMINAL,LOST PROPERTY,Tuesday,07/24/2007,14:00,PARK,NONE,400 Block of PARNASSUS AV,-122.458267329165,37.7634158564883,"(37.7634158564883, -122.458267329165)",7075995871000
070773732,NON-CRIMINAL,LOST PROPERTY,Monday,07/30/2007,14:00,PARK,NONE,0 Block of CASTRO ST,-122.435637436721,37.7681694346175,"(37.7681694346175, -122.435637436721)",7077373271000
070810588,NON-CRIMINAL,LOST PROPERTY,Friday,08/03/2007,14:00,PARK,UNFOUNDED,1200 Block of HAIGHT ST,-122.442678874433,37.7706061352855,"(37.7706061352855, -122.442678874433)",7081058871000
070826137,NON-CRIMINAL,FOUND PROPERTY,Tuesday,08/14/2007,14:00,PARK,NONE,0 Block of BEAVER ST,-122.434292441696,37.7650483291206,"(37.7650483291206, -122.434292441696)",7082613772000
071010315,NON-CRIMINAL,LOST PROPERTY,Sunday,09/30/2007,14:00,PARK,NONE,100 Block of CASTRO ST,-122.435517135319,37.7669320581049,"(37.7669320581049, -122.435517135319)",7101031571000
071034688,NON-CRIMINAL,FOUND PROPERTY,Monday,10/08/2007,14:00,PARK,NONE,800 Block of CLAYTON ST,-122.447660896442,37.7656142001006,"(37.7656142001006, -122.447660896442)",7103468872000
071076442,NON-CRIMINAL,LOST PROPERTY,Tuesday,09/25/2007,14:00,PARK,NONE,100 Block of CENTRAL AV,-122.44381274387,37.770892534208,"(37.770892534208, -122.44381274387)",7107644271000
071129085,NON-CRIMINAL,FOUND PROPERTY,Friday,11/02/2007,14:00,PARK,UNFOUNDED,CLAYTON ST / GROVE ST,-122.449517527025,37.7744602213672,"(37.7744602213672, -122.449517527025)",7112908572000
071234941,NON-CRIMINAL,LOST PROPERTY,Friday,11/30/2007,14:00,PARK,NONE,1300 Block of DIVISADERO ST,-122.439086501493,37.7820088761349,"(37.7820088761349, -122.439086501493)",7123494171000
071256854,NON-CRIMINAL,FOUND PROPERTY,Monday,12/03/2007,14:00,PARK,UNFOUNDED,1800 Block of OAK ST,-122.449783905432,37.7715082064403,"(37.7715082064403, -122.449783905432)",7125685472000
071282348,NON-CRIMINAL,IMPOUNDED VEHICLE,Friday,12/14/2007,14:00,PARK,NONE,2100 Block of GEARY BL,-122.438710383429,37.7835971919125,"(37.7835971919125, -122.438710383429)",7128234807053
080008046,NON-CRIMINAL,LOST PROPERTY,Wednesday,01/02/2008,14:00,PARK,NONE,400 Block of PARNASSUS AV,-122.458220811697,37.7633123961354,"(37.7633123961354, -122.458220811697)",8000804671000
080186200,NON-CRIMINAL,FOUND PROPERTY,Thursday,02/21/2008,14:00,PARK,UNFOUNDED,1400 Block of SCOTT ST,-122.437811077144,37.7831916332323,"(37.7831916332323, -122.437811077144)",8018620072000
080214209,NON-CRIMINAL,SHELTER,Thursday,02/28/2008,14:00,PARK,NONE,500 Block of CLARENDON AV,-122.456090887004,37.7525956052034,"(37.7525956052034, -122.456090887004)",8021420929120
080324836,NON-CRIMINAL,FOUND PROPERTY,Wednesday,03/26/2008,14:00,PARK,UNFOUNDED,200 Block of MASONIC AV,-122.447081389018,37.7793867900091,"(37.7793867900091, -122.447081389018)",8032483672000
080355289,NON-CRIMINAL,"DEATH REPORT, NATURAL CAUSES",Wednesday,04/02/2008,14:00,PARK,NONE,0 Block of LOCKSLEY AV,-122.46331160715,37.7592202975893,"(37.7592202975893, -122.46331160715)",8035528961040
080427054,NON-CRIMINAL,LOST PROPERTY,Tuesday,06/01/2004,14:00,PARK,NONE,100 Block of BEULAH ST,-122.452352944121,37.7674646061843,"(37.7674646061843, -122.452352944121)",8042705471000
080440987,NON-CRIMINAL,LOST PROPERTY,Sunday,04/27/2008,14:00,PARK,NONE,0 Block of KEZAR DR,-122.45512727517,37.7695200227183,"(37.7695200227183, -122.45512727517)",8044098771000
080564048,NON-CRIMINAL,AIDED CASE,Thursday,05/29/2008,14:00,PARK,NONE,500 Block of BUENAVISTAWEST AV,-122.443194351845,37.7665428336293,"(37.7665428336293, -122.443194351845)",8056404851040
080741707,NON-CRIMINAL,LOST PROPERTY,Tuesday,07/15/2008,14:00,PARK,NONE,300 Block of LAGUNAHONDA BL,-122.458680189782,37.7481554692332,"(37.7481554692332, -122.458680189782)",8074170771000
080856293,NON-CRIMINAL,"AIDED CASE, MENTAL DISTURBED",Thursday,08/14/2008,14:00,PARK,NONE,1200 Block of MASONIC AV,-122.44531869267,37.7697190619016,"(37.7697190619016, -122.44531869267)",8085629364020
081196416,NON-CRIMINAL,"AIDED CASE, DOG BITE",Saturday,11/08/2008,14:00,PARK,NONE,300 Block of BRODERICK ST,-122.439116190803,37.7734021800065,"(37.7734021800065, -122.439116190803)",8119641664010
090164484,NON-CRIMINAL,"AIDED CASE, MENTAL DISTURBED",Saturday,02/14/2009,14:00,PARK,PSYCHOPATHIC CASE,STANYAN ST / FULTON ST,-122.454636839495,37.7747600205915,"(37.7747600205915, -122.454636839495)",9016448464020
090446282,NON-CRIMINAL,LOST PROPERTY,Sunday,04/19/2009,14:00,PARK,NONE,STANYAN ST / HAIGHT ST,-122.45353456066,37.7691662978052,"(37.7691662978052, -122.45353456066)",9044628271000
090645826,NON-CRIMINAL,FOUND PROPERTY,Wednesday,06/24/2009,14:00,PARK,NONE,HAIGHT ST / COLE ST,-122.450709919144,37.7695262270693,"(37.7695262270693, -122.450709919144)",9064582672000
090911940,NON-CRIMINAL,LOST PROPERTY,Friday,09/04/2009,14:00,PARK,NONE,1000 Block of HAIGHT ST,-122.439560143337,37.7710042009346,"(37.7710042009346, -122.439560143337)",9091194071000
090941107,NON-CRIMINAL,FOUND PROPERTY,Saturday,09/12/2009,14:00,PARK,UNFOUNDED,ENCANTO AV / TERRAVISTA AV,-122.443856646975,37.7813660866188,"(37.7813660866188, -122.443856646975)",9094110772000
091006792,NON-CRIMINAL,LOST PROPERTY,Tuesday,09/29/2009,14:00,PARK,NONE,HAIGHT ST / ASHBURY ST,-122.446933310975,37.7700061988358,"(37.7700061988358, -122.446933310975)",9100679271000
096056849,NON-CRIMINAL,LOST PROPERTY,Tuesday,07/14/2009,14:00,PARK,NONE,400 Block of DIVISADERO ST,-122.437403051402,37.7736208939289,"(37.7736208939289, -122.437403051402)",9605684971000
096056899,NON-CRIMINAL,LOST PROPERTY,Thursday,07/02/2009,14:00,PARK,NONE,0 Block of SHRADER ST,-122.452974548082,37.7744879867235,"(37.7744879867235, -122.452974548082)",9605689971000
